Name,Code,25/05/2008,25/05/2009,25/05/2010,25/05/2011,25/05/2012,25/05/2013,25/05/2014,25/05/2015,25/05/2016,25/05/2017,25/05/2018,25/05/2019,25/05/2020
STRABAG SE - CURRENT RATIO,AT000000STR1(WC08106),1.25,1.26,1.26,1.2,1.23,1.27,1.22,1.32,1.33,1.26,1.22,1.16,1.24
FACC AG - CURRENT RATIO,AT00000FACC2(WC08106),NA,NA,2,1.95,1.37,1.58,2.7,1.82,2.02,1.85,2.08,1.52,1.42
FLUGHAFEN WIEN - CURRENT RATIO,AT00000VIE62(WC08106),0.51,0.43,0.89,0.69,0.4,0.32,0.33,0.52,0.82,0.77,0.64,0.87,0.87
#ERROR,,"$$ER: 4540,NO DATA VALUES FOUND",,,,,,,,,,,,
PORR - CURRENT RATIO,AT0000609607(WC08106),1.18,1.08,1.05,0.94,0.84,0.96,1.05,1.18,1.15,1.09,1.05,1.1,1.09
#ERROR,,"$$ER: 4540,NO DATA VALUES FOUND",,,,,,,,,,,,
LENZING - CURRENT RATIO,AT0000644505(WC08106),1.5,1.67,1.64,1.74,2.04,1.7,1.62,2.07,1.81,2.05,1.75,2.48,3.67
#ERROR,,"$$ER: 4540,NO DATA VALUES FOUND",,,,,,,,,,,,
#ERROR,,"$$ER: 4540,NO DATA VALUES FOUND",,,,,,,,,,,,
TELEKOM AUSTRIA - CURRENT RATIO,AT0000720008(WC08106),0.7,0.76,0.76,0.73,0.78,0.85,1.33,0.85,0.78,0.99,0.82,0.87,0.74
ANDRITZ - CURRENT RATIO,AT0000730007(WC08106),1.3,1.32,1.24,1.18,1.16,1.09,1.06,1.2,1.21,1.31,1.12,1.2,1.26
EVN - CURRENT RATIO,AT0000741053(WC08106),1.2,1.45,1.18,0.8,1.03,0.81,0.64,0.75,0.7,0.8,0.89,0.95,0.92
OMV - CURRENT RATIO,AT0000743059(WC08106),1.01,1.19,1.21,1.21,1.3,0.92,0.94,1.06,1.14,1.38,1.24,1.2,1.14
VERBUND - CURRENT RATIO,AT0000746409(WC08106),0.72,1,1.79,1.49,1.03,1.08,0.68,0.69,0.55,0.62,0.56,0.67,0.62
PALFINGER - CURRENT RATIO,AT0000758305(WC08106),1.34,2.08,1.83,1.54,2.18,1.99,1.75,1.64,1.42,1.65,1.66,1.8,1.72
SEMPERIT - CURRENT RATIO,AT0000785555(WC08106),4.51,4.08,4.17,4.26,3.44,3.12,2.6,2.47,3.12,2.28,2.6,2.21,1.5
#ERROR,,"$$ER: 4540,NO DATA VALUES FOUND",,,,,,,,,,,,
WIENERBERGER - CURRENT RATIO,AT0000831706(WC08106),2.33,3.14,2.52,1.61,2.11,1.84,1.38,1.54,1.28,1.38,1.61,1.14,1.57
ZUMTOBEL - CURRENT RATIO,AT0000837307(WC08106),1.72,1.5,1.54,1.6,1.66,1.56,1.42,1.34,1.41,1.43,1.28,1.09,1.25
#ERROR,,"$$ER: 4540,NO DATA VALUES FOUND",,,,,,,,,,,,
VOESTALPINE - CURRENT RATIO,AT0000937503(WC08106),1,1.49,1.44,1.49,1.26,1.47,1.59,1.5,1.56,1.34,1.44,1.43,1.52
MAY - CURRENT RATIO,AT0000938204(WC08106),2.39,2.78,2.29,2.16,2.59,2.43,2.43,2.4,2.82,2.72,2.84,1.98,2.2
SCHOELLE - CURRENT RATIO,AT0000946652(WC08106),2.22,2.75,2.37,2.54,2.35,2.94,2.8,4.48,3.41,2.31,2.07,1.95,2.19
AT&S AU.TCHG.& SYSTK. - CURRENT RATIO,AT0000969985(WC08106),0.85,1.08,1.12,0.78,1.14,1.22,2.79,2.5,1.35,1.25,1.93,3.83,2.6
PETRO WELT TECHS. - CURRENT RATIO,AT0000A00Y78(WC08106),3.23,3.54,3.11,2.9,2.52,2.19,2.21,2.81,3.21,1.45,4.32,3.9,4.44
#ERROR,,"$$ER: 4540,NO DATA VALUES FOUND",,,,,,,,,,,,
OSTERREICHISCHE POST - CURRENT RATIO,AT0000APOST4(WC08106),1.07,1.08,1.19,1.31,1.19,1.1,1.2,1.24,1.3,1.28,1.25,0.96,0.93
#ERROR,,"$$ER: 4540,NO DATA VALUES FOUND",,,,,,,,,,,,
PIERER MOBILITY - CURRENT RATIO,AT0000KTMI02(WC08106),1.44,1.3,1.21,1.23,1.22,1.2,8.29,2.09,1.61,1.44,1.65,1.81,1.65
AGRANA BETEILIGUNGS - CURRENT RATIO,AT000AGRANA3(WC08106),1.3,1.19,1.27,1.49,1.57,1.75,1.58,1.6,1.83,1.74,2.48,1.94,2.04
KAPSCH TRAFFICCOM - CURRENT RATIO,AT000KAPSCH9(WC08106),1.97,1.6,2.17,2.06,2.08,2.14,1.6,2.05,2.28,1.88,2.3,2.1,1.84
FREQUENTIS - CURRENT RATIO,ATFREQUENT09(WC08106),NA,NA,NA,NA,NA,2.52,2.47,2.52,2.22,2.27,2.05,2.07,2.01
IGO - CURRENT RATIO,AU000000IGO4(WC08106),4.88,11.44,5.08,3.29,3.76,1.28,2.21,4.03,0.81,1.8,2.9,4.44,6.19
SOLVAY - CURRENT RATIO,BE0003470755(WC08106),1.35,2.62,3.47,1.6,1.91,1.75,1.27,1.53,1.32,1.47,1.68,1.53,1.62
#ERROR,,"$$ER: 4540,NO DATA VALUES FOUND",,,,,,,,,,,,
#ERROR,,"$$ER: 4540,NO DATA VALUES FOUND",,,,,,,,,,,,
RECTICEL - CURRENT RATIO,BE0003656676(WC08106),1.28,1.27,1.25,1.22,1.24,0.89,1.03,0.93,1.12,1.17,1.01,0.9,1.59
#ERROR,,"$$ER: 4540,NO DATA VALUES FOUND",,,,,,,,,,,,
#ERROR,,"$$ER: 4540,NO DATA VALUES FOUND",,,,,,,,,,,,
#ERROR,,"$$ER: 4540,NO DATA VALUES FOUND",,,,,,,,,,,,
ORANGE BELGIUM - CURRENT RATIO,BE0003735496(WC08106),0.46,0.39,0.52,0.52,0.57,0.57,0.27,0.41,0.52,0.48,0.62,0.58,0.48
UCB - CURRENT RATIO,BE0003739530(WC08106),0.72,0.87,0.93,1.06,1.01,1.04,1.07,0.93,0.96,1.37,1.32,1.38,1.27
#ERROR,,"$$ER: 4540,NO DATA VALUES FOUND",,,,,,,,,,,,
AGF - CURRENT RATIO,BE0003755692(WC08106),2.05,1.87,1.89,1.79,1.93,1.87,1.57,1.8,1.79,1.82,1.82,1.62,2.77
GREENYARD - CURRENT RATIO,BE0003765790(WC08106),1.19,1.19,1.18,NA,0.95,1.14,1.89,1.67,0.97,0.95,0.8,0.63,0.87
ION BEAM APPLICATIONS - CURRENT RATIO,BE0003766806(WC08106),1.29,1.21,1.16,1.1,1.09,1.17,1.29,1.57,1.59,1.36,1.38,1.32,1.5
#ERROR,,"$$ER: 4540,NO DATA VALUES FOUND",,,,,,,,,,,,
EXMAR - CURRENT RATIO,BE0003808251(WC08106),1.29,1.38,2.87,1.42,1.05,1.3,2.91,3.19,0.97,2.1,0.85,1.33,2.43
PROXIMUS - CURRENT RATIO,BE0003810273(WC08106),1.03,1.06,0.83,0.93,0.83,0.86,0.98,0.71,0.72,0.66,0.78,0.77,0.79
EURONAV - CURRENT RATIO,BE0003816338(WC08106),1.31,1.14,1.22,1.17,0.96,0.93,1.82,2.09,1.97,1.77,1.82,2.54,2.22
ELIA GROUP - CURRENT RATIO,BE0003822393(WC08106),0.26,1.79,1.46,1.18,0.57,0.59,0.84,0.87,0.59,0.52,0.64,0.41,0.75
TELENET GROUP HOLDING - CURRENT RATIO,BE0003826436(WC08106),0.37,0.55,1.44,0.84,1.52,0.56,0.5,0.58,0.39,0.3,0.31,0.31,0.31
#ERROR,,"$$ER: 4540,NO DATA VALUES FOUND",,,,,,,,,,,,
#ERROR,,"$$ER: 4540,NO DATA VALUES FOUND",,,,,,,,,,,,
FAGRON - CURRENT RATIO,BE0003874915(WC08106),1.62,1.54,1.56,0.52,1.26,1.03,1.03,0.26,1.02,1.54,1.06,1.25,1.11
COMPAGNIE D ENTREPRISES - CURRENT RATIO,BE0003883031(WC08106),1.08,1.03,1.02,1.07,1.02,0.98,1.07,1.01,1.04,0.87,0.81,0.93,0.88
MELEXIS - CURRENT RATIO,BE0165385973(WC08106),2.72,2.39,2.46,3.37,1.81,3.44,4.21,3.67,2.79,2.54,3.55,4.38,4.85
COLRUYT - CURRENT RATIO,BE0974256852(WC08106),1.02,1.03,0.95,0.97,0.99,1.06,1.09,0.88,0.92,0.96,0.77,0.83,0.83
BEKAERT (D) - CURRENT RATIO,BE0974258874(WC08106),1.28,2.04,1.83,1.79,2.01,1.82,1.78,1.52,1.8,1.64,1.18,1.61,1.55
D IETEREN GROUP - CURRENT RATIO,BE0974259880(WC08106),1.5,1.13,1.41,1.66,1.87,1.55,1.61,1.68,1.06,1.51,3.89,4.42,4.29
#ERROR,,"$$ER: 4540,NO DATA VALUES FOUND",,,,,,,,,,,,
BPOST - CURRENT RATIO,BE0974268972(WC08106),1.63,1.82,1.98,1.46,1.22,1.06,1.1,1.13,1.04,0.62,1.01,0.93,1.03
ONTEX GROUP - CURRENT RATIO,BE0974276082(WC08106),NA,NA,NA,1.35,1.25,1.46,1.48,1.92,1.49,1.28,1.26,1.19,1.13
#ERROR,,"$$ER: 4540,NO DATA VALUES FOUND",,,,,,,,,,,,
ANHEUSE - CURRENT RATIO,BE0974293251(WC08106),0.47,0.76,0.8,0.63,1.01,0.73,0.68,0.64,1.07,0.66,0.53,0.83,0.82
NYRSTAR - CURRENT RATIO,BE0974294267(WC08106),2.8,2.03,1.65,1.53,1.26,1.04,1.14,0.7,0.75,0.86,0.61,4.42,2.49
ECONOCOM GROUP - CURRENT RATIO,BE0974313455(WC08106),1.15,1.2,1.02,0.99,1.01,0.93,1.03,1.03,1.07,1.1,1.13,1.15,1.1
UMICORE - CURRENT RATIO,BE0974320526(WC08106),1.99,1.68,1.55,1.43,1.52,1.45,1.33,1.31,1.3,1.52,1.72,1.57,1.62
TITAN CEMENT - CURRENT RATIO,BE0974338700(WC08106),NA,NA,NA,NA,NA,NA,NA,NA,1.54,2,1.35,1.42,1.22
#ERROR,,"$$ER: 4540,NO DATA VALUES FOUND",,,,,,,,,,,,
BARCO NEW - CURRENT RATIO,BE0974362940(WC08106),1.66,1.79,1.59,1.69,1.57,1.49,1.54,1.65,1.6,1.77,2.15,2.47,2.97
BW LPG - CURRENT RATIO,BMG173841013(WC08106),NA,0.35,0.33,0.08,0.11,1.67,1.55,1.18,0.33,0.9,1.09,1.44,1.46
BW OFFSHORE - CURRENT RATIO,BMG1738J1247(WC08106),0.85,1.1,0.2,1.12,0.67,0.86,0.79,0.99,1.36,0.81,0.78,0.97,1.03
FRONTLINE - CURRENT RATIO,BMG3682E1921(WC08106),1.16,1.29,1.17,2.45,2.1,1.99,0.71,1.93,2.1,1.45,1.44,0.53,1.34
HAFNIA - CURRENT RATIO,BMG4233B1090(WC08106),NA,NA,NA,NA,0.26,7.65,1.74,2.69,1.99,1.29,1.11,1.05,1.12
ODFJELL DRILLING - CURRENT RATIO,BMG671801022(WC08106),NA,3.57,2.38,3.38,1.16,1.21,1.05,0.48,0.98,1.17,0.34,0.95,0.59
GOLAR LNG (NAS) - CURRENT RATIO,BMG9456A1009(WC08106),0.54,0.89,0.83,0.41,5.05,2.01,2.01,0.66,0.72,0.29,0.65,0.26,0.23
INTERNATIONAL PETROLEUM - CURRENT RATIO,CA46016U1084(WC08106),NA,NA,NA,NA,NA,NA,NA,1.58,3.5,2.11,1.03,1.12,0.95
CAVOTEC - CURRENT RATIO,CH0136071542(WC08106),1.32,1.73,2.02,1.71,1.7,2.19,2.21,2.08,2.08,2.34,1.98,1.43,1.72
FENIX OUTDOOR - CURRENT RATIO,CH0242214887(WC08106),3.32,3.31,3.53,3.13,3.29,3.77,1.71,1.61,1.97,2.18,3.11,2.59,2.79
EDAG ENGINEERING GROUP - CURRENT RATIO,CH0303692047(WC08106),NA,NA,NA,NA,0.91,1.77,1.82,1.9,1.6,0.95,1.66,1.41,1.29
CEZ - CURRENT RATIO,CZ0005112300(WC08106),0.83,0.88,0.95,1.04,1.19,1.29,1.21,1.17,1.09,1.06,1.04,1.08,1.11
#ERROR,,"$$ER: 4540,NO DATA VALUES FOUND",,,,,,,,,,,,
TELF.O2 CZECH REPUBLIC - CURRENT RATIO,CZ0009093209(WC08106),0.95,0.99,1.14,0.99,0.92,0.93,0.75,1.01,1.33,1.35,1.24,0.9,1.24
ADLER REAL ESTATE - CURRENT RATIO,DE0005008007(WC08106),10.82,9.36,5.73,7,3.42,1.15,NA,NA,NA,NA,NA,NA,NA
AHLERS - CURRENT RATIO,DE0005009740(WC08106),1.96,2.62,3.15,2.87,3.22,2.99,2.74,2.79,2.67,2.65,2.07,2.31,2.64
UNITED INTERNET - CURRENT RATIO,DE0005089031(WC08106),0.59,0.61,0.43,0.53,0.43,0.5,0.84,0.58,0.5,0.64,1.04,1.08,1.01
ADVA OPTICAL NETWORKING - CURRENT RATIO,DE0005103006(WC08106),2.09,1.76,2.07,1.88,1.9,2.49,2.29,2.2,1.9,1.26,1.77,1.69,1.9
#ERROR,,"$$ER: 4540,NO DATA VALUES FOUND",,,,,,,,,,,,
BECHTLE - CURRENT RATIO,DE0005158703(WC08106),2.21,2.32,1.9,1.83,1.9,1.92,1.89,1.96,1.97,1.91,2.01,1.9,1.87
SURTECO GROUP - CURRENT RATIO,DE0005176903(WC08106),2.14,2.4,2.78,2.63,3.38,1.79,2.65,2.72,1.72,3.06,1.93,2.28,2.12
BMW - CURRENT RATIO,DE0005190003(WC08106),0.99,1.08,1.07,1.04,1.04,1.04,0.96,0.94,0.98,1.04,1.18,1.1,1.14
BAYWA - CURRENT RATIO,DE0005194062(WC08106),1.19,1.17,1.33,1.26,1.26,1.27,1.36,1.35,1.33,1.37,1.24,1.28,1.12
BEIERSDORF - CURRENT RATIO,DE0005200000(WC08106),2.35,2.4,2.37,2.05,2.11,2.19,2.08,2.17,2.1,1.93,1.94,1.67,1.56
ENBW ENGE.BADE - CURRENT RATIO,DE0005220008(WC08106),1.26,1.25,1.22,1.17,1.25,1.19,1.14,1.36,1,1.09,1.14,1.05,1.08
BIOTEST - CURRENT RATIO,DE0005227201(WC08106),2.36,2.19,2.35,2.5,2.23,4.53,5.27,4.66,3.2,1.79,3.94,4.55,5.27
CARL ZEISS MEDITEC - CURRENT RATIO,DE0005313704(WC08106),3.48,3.49,3.48,3.72,3.32,3.55,3.48,3.19,3,3.82,4.47,3.84,4.33
CEWE STIFTUNG - CURRENT RATIO,DE0005403901(WC08106),1,1.18,1.3,1.26,1.1,1.06,1.24,1.23,1.31,1.23,1.02,0.94,1.1
#ERROR,,"$$ER: 4540,NO DATA VALUES FOUND",,,,,,,,,,,,
LEONI - CURRENT RATIO,DE0005408884(WC08106),1.39,1.33,1.37,1.45,1.22,1.38,1.38,1.39,1.23,1.12,1.15,0.94,1.23
CONTINENTAL - CURRENT RATIO,DE0005439004(WC08106),1.06,0.75,1.12,1.06,0.99,1.17,1.32,1.09,1.1,1.09,1.07,1.06,1.16
LANXESS - CURRENT RATIO,DE0005470405(WC08106),1.86,2.4,2.02,1.62,2.31,1.71,1.92,1.55,3.28,1.61,2.57,2.45,2.23
BORUSSIA DORTMUND - CURRENT RATIO,DE0005493092(WC08106),0.66,0.29,0.21,0.4,0.62,1.21,0.6,1.57,1.55,0.88,1.15,1,0.62
1&1 - CURRENT RATIO,DE0005545503(WC08106),0.64,0.81,0.96,1.15,1.99,5.85,8.2,1.41,1.3,0.97,1.65,2.39,2.7
DRAEGERWERK PREF. - CURRENT RATIO,DE0005550636(WC08106),1.93,1.58,1.72,1.94,1.83,1.99,1.94,1.71,2.08,2.04,2.04,2.02,1.86
DEUTSCHE POST - CURRENT RATIO,DE0005552004(WC08106),1.01,1.04,1.01,0.92,0.97,1.02,1.04,1.02,0.95,1.02,0.95,0.89,1.05
DEUTSCHE TELEKOM - CURRENT RATIO,DE0005557508(WC08106),0.64,0.93,0.58,0.65,0.65,0.98,1.06,0.96,0.8,0.75,0.75,0.75,1
GLOBAL PVQ - CURRENT RATIO,DE0005558662(WC08106),1.93,1.96,2.3,1.12,NA,NA,NA,NA,NA,NA,NA,NA,NA
DUERR - CURRENT RATIO,DE0005565204(WC08106),1.18,1.11,1.33,1.27,1.29,1.29,1.15,1.07,1.33,1.34,1.29,1.44,1.19
FRAPORT - CURRENT RATIO,DE0005773303(WC08106),1.3,3.51,2.91,1.69,1.88,1.45,1.14,0.83,1.28,0.84,0.94,0.85,1.26
FRESENIUS - CURRENT RATIO,DE0005785604(WC08106),1.12,1.42,1.03,1.13,1.34,1.01,1.37,1.36,1.29,1.18,1.11,1.1,1.19
FRESENIUS MED.CARE - CURRENT RATIO,DE0005785802(WC08106),1.34,1.81,1.36,1.34,1.93,1.77,1.94,1.49,1.3,1.2,1.25,1.02,1.18
GFT TECHNOLOGIES - CURRENT RATIO,DE0005800601(WC08106),1.71,1.85,1.56,1.6,1.79,1.78,1.09,1.69,1.67,1.51,1.54,1.4,1.2
DEUTSCHE BOERSE - CURRENT RATIO,DE0005810055(WC08106),1,1,1,1,1,1,1,1,1.01,1.01,1.01,NA,NA
DMG MORI - CURRENT RATIO,DE0005878003(WC08106),1.56,1.73,1.45,1.43,1.38,1.6,1.62,1.81,1.47,1.6,1.49,1.52,1.72
BILFINGER BERGER - CURRENT RATIO,DE0005909006(WC08106),0.93,0.86,0.96,0.97,1.09,1.08,1.04,1.05,1.55,1.45,0.98,1.31,1.66
HEIDELBERGCEMENT - CURRENT RATIO,DE0006047004(WC08106),1.24,1.26,1.38,1.2,1.18,0.92,0.84,0.97,0.96,1.05,1.19,1.12,1.24
HENKEL - CURRENT RATIO,DE0006048408(WC08106),0.91,1.13,1.34,1.58,1.31,1.31,1.22,1.09,1.17,1.1,0.98,1.07,1.12
COVESTRO - CURRENT RATIO,DE0006062144(WC08106),NA,NA,NA,NA,NA,NA,0.73,0.93,1.73,1.86,2.05,2.21,2.62
HOCHTIEF - CURRENT RATIO,DE0006070006(WC08106),1.13,1.14,1.24,1.25,1.35,1.4,1.35,1.33,1.06,1.2,1.06,0.98,1.09
INDUS HOLDING - CURRENT RATIO,DE0006200108(WC08106),1.36,1.35,1.41,1.63,1.79,1.8,2.01,1.8,1.72,1.67,1.75,1.79,1.84
SALZGITTER - CURRENT RATIO,DE0006202005(WC08106),2.93,3.05,2.9,2.92,2.64,2.35,1.97,2.18,2.03,2.37,2.06,2.03,1.92
KUKA - CURRENT RATIO,DE0006204407(WC08106),1.14,1.09,1.4,1.48,1.6,1.76,1.08,1.34,1.36,1.22,1.55,1.47,1.42
JUNGHEINRICH PREF. - CURRENT RATIO,DE0006219934(WC08106),1.64,1.71,1.62,1.52,1.6,1.49,1.61,1.47,1.46,1.47,1.51,1.52,1.52
#ERROR,,"$$ER: 4540,NO DATA VALUES FOUND",,,,,,,,,,,,
INFINEON TECHNOLOGIES - CURRENT RATIO,DE0006231004(WC08106),1.31,1.66,1.99,1.98,2.09,2.27,2.45,2.6,2.94,2.32,2.49,3.58,2.08
ARCANDOR (STU) - CURRENT RATIO,DE0006275001(WC08106),0.61,NA,NA,NA,NA,NA,NA,NA,NA,NA,NA,NA,NA
DEUTZ - CURRENT RATIO,DE0006305006(WC08106),2.4,1.81,1.29,1.34,1.42,1.52,1.66,1.6,1.63,1.63,1.6,1.45,1.25
KRONES - CURRENT RATIO,DE0006335003(WC08106),1.45,1.29,1.31,1.29,1.34,1.49,1.51,1.53,1.48,1.55,1.51,1.45,1.42
LPKF LASER & ELTN. - CURRENT RATIO,DE0006450000(WC08106),2.99,2.99,2.75,2.11,1.95,2.07,1.68,1.82,1.31,1.29,1.96,2.26,2.54
MLP - CURRENT RATIO,DE0006569908(WC08106),0.98,0.95,0.89,0.85,NA,NA,NA,NA,NA,NA,NA,NA,NA
MERCK KGAA - CURRENT RATIO,DE0006599905(WC08106),1.81,1.93,1.7,1.47,1.46,1.89,1.59,0.78,0.84,0.86,1.08,0.76,1.01
GEA GROUP - CURRENT RATIO,DE0006602006(WC08106),1.04,1.03,1.05,1.15,1.3,1.7,1.78,1.62,1.59,1.2,1.38,1.27,1.31
AURUBIS - CURRENT RATIO,DE0006766504(WC08106),1.83,1.71,1.69,2.24,2.25,2.23,1.99,2.34,2.23,2.49,2.57,2.47,2.44
PFEIFFER VACUUM TECH. - CURRENT RATIO,DE0006916604(WC08106),4.07,6.08,2.39,2.69,3.04,3.18,3.08,2.98,3.05,2.61,2.72,2.83,2.95
PUMA - CURRENT RATIO,DE0006969603(WC08106),2.2,2.19,1.94,2.04,2.04,2.19,2.05,1.91,1.97,1.78,1.83,1.59,1.4
RHEINMETALL - CURRENT RATIO,DE0007030009(WC08106),1.26,1.16,1.56,1.48,1.42,1.3,1.37,1.51,1.24,1.49,1.46,1.52,1.5
RWE - CURRENT RATIO,DE0007037129(WC08106),1.19,1.08,1.07,0.93,1.02,1.11,1.14,1.11,1.06,1.15,1.34,1.43,1.66
RHOE - CURRENT RATIO,DE0007042301(WC08106),0.92,1.32,1.44,1.75,1.09,3.21,2.54,1.51,1.64,1.57,1.76,2.15,2.07
KWS SAAT - CURRENT RATIO,DE0007074007(WC08106),2.46,2.24,2.19,2.28,2.08,2.27,2.12,2.5,2.79,2.72,2.74,1.72,2.16
MERCEDE - CURRENT RATIO,DE0007100000(WC08106),1.06,1.14,1.07,1.11,1.15,1.19,1.15,1.19,1.21,1.23,1.24,1.21,1.15
SAP - CURRENT RATIO,DE0007164600(WC08106),0.99,1.54,1.39,1.54,1.05,1.16,1.05,1.24,1.2,1.17,1.59,1.05,1.17
SARTORIUS - CURRENT RATIO,DE0007165607(WC08106),1.07,1.49,1.22,1.21,1.12,1.69,1.75,1.76,1.61,1.71,1.57,1.28,1.39
KOENIG & BAUER - CURRENT RATIO,DE0007193500(WC08106),1.62,1.61,1.63,1.64,1.77,1.51,1.46,1.49,1.6,1.62,1.53,1.42,1.55
SGL CARBON - CURRENT RATIO,DE0007235301(WC08106),2.64,4.1,3.29,3.16,2.74,2.21,2.32,2.61,3.04,1.98,3.04,2.44,2.97
SIEMENS - CURRENT RATIO,DE0007236101(WC08106),1.02,1.2,1.22,1.21,1.22,1.24,1.31,1.3,1.29,1.35,1.35,1.39,1.55
CECONOMY - CURRENT RATIO,DE0007257503(WC08106),0.74,0.82,0.82,0.79,0.87,0.78,0.77,0.92,0.85,0.94,0.91,0.94,0.89
SUEDZUCKER - CURRENT RATIO,DE0007297004(WC08106),1.41,1.43,1.66,1.45,1.69,1.96,1.76,1.86,1.95,2.19,2.03,2.1,2.06
HEIDELB.DRUCKMASCHINEN - CURRENT RATIO,DE0007314007(WC08106),1.93,1.2,1.48,1.54,1.8,1.75,1.93,1.83,1.83,1.63,1.63,1.64,1.6
TAKKT - CURRENT RATIO,DE0007446007(WC08106),1.73,1.59,1.27,1.42,1.5,1.7,0.86,1.3,1.27,1.71,1.78,1.4,1.61
#ERROR,,"$$ER: 4540,NO DATA VALUES FOUND",,,,,,,,,,,,
THYSSENKRUPP - CURRENT RATIO,DE0007500001(WC08106),1.22,1.28,1.12,1.3,1.26,1.11,1.13,1.14,1.13,1.2,1.13,1.19,2.26
VILLEROY & BOCH - CURRENT RATIO,DE0007657231(WC08106),2.32,1.89,1.64,1.77,1.87,1.67,1.59,1.85,1.96,1.91,1.67,2.02,2.31
VOLKSWAGEN - CURRENT RATIO,DE0007664005(WC08106),1.18,1.12,1.12,1.05,1.07,1.03,1,0.98,0.88,1,1.09,1.12,1.18
VOSSLOH - CURRENT RATIO,DE0007667107(WC08106),1.62,1.66,1.6,1.22,1.22,0.97,0.86,1.33,1.89,1.62,1.42,1.48,1
ELRINGKLINGER N - CURRENT RATIO,DE0007856023(WC08106),1.3,1.61,1.94,1.72,1.58,1.85,1.85,1.63,1.42,1.63,1.49,1.73,1.35
#ERROR,,"$$ER: 4540,NO DATA VALUES FOUND",,,,,,,,,,,,
DEUTSCHE LUFTHANSA - CURRENT RATIO,DE0008232125(WC08106),0.87,0.99,1.05,0.97,1,0.88,0.75,0.72,0.93,0.87,0.66,0.71,0.68
#ERROR,,"$$ER: 4540,NO DATA VALUES FOUND",,,,,,,,,,,,
#ERROR,,"$$ER: 4540,NO DATA VALUES FOUND",,,,,,,,,,,,
#ERROR,,"$$ER: 4540,NO DATA VALUES FOUND",,,,,,,,,,,,
#ERROR,,"$$ER: 4540,NO DATA VALUES FOUND",,,,,,,,,,,,
NORDEX - CURRENT RATIO,DE000A0D6554(WC08106),1.45,1.65,1.54,1.28,1.47,1.54,1.46,1.3,1.38,1.4,1.16,1.07,0.97
MTU AERO ENGINES HLDG. - CURRENT RATIO,DE000A0D9PT0(WC08106),0.99,0.88,1.05,0.99,1.11,1.1,1.02,0.95,1.07,1.16,1.12,1.12,1.37
SMA SOLAR TECHNOLOGY - CURRENT RATIO,DE000A0DJ6J9(WC08106),2.82,2.52,2.6,2.54,3.31,2.82,2.01,2.22,2.36,2.69,2.2,1.88,2.12
MVV ENERGIE - CURRENT RATIO,DE000A0H52F5(WC08106),0.99,1.01,1,0.93,1.35,1.03,0.98,1.01,0.95,1.14,1.03,1.15,1.12
#ERROR,,"$$ER: 4540,NO DATA VALUES FOUND",,,,,,,,,,,,
VERBIO VER.BIOENERGIE - CURRENT RATIO,DE000A0JL9W6(WC08106),1.87,1.65,1.27,1.17,1.26,1.13,1.35,1.8,2.62,3.13,3.35,2.67,2.87
CROPENERGIES - CURRENT RATIO,DE000A0LAUP1(WC08106),2.45,0.59,0.69,0.89,1.14,1.27,1.16,0.98,1.09,1.58,1.86,2.29,2.81
#ERROR,,"$$ER: 4540,NO DATA VALUES FOUND",,,,,,,,,,,,
GERRESHEIMER - CURRENT RATIO,DE000A0LD6E6(WC08106),1.1,0.99,1.08,1.44,1.33,1.12,1.1,0.8,1,1.06,0.74,0.61,0.95
HAMB.HAFEN UD.LOGISTIK - CURRENT RATIO,DE000A0S8488(WC08106),1.57,1.51,1.42,1.84,1.36,1.47,1.49,2.33,2.26,2.04,2.16,1.73,1.47
AIXTRON - CURRENT RATIO,DE000A0WMPJ6(WC08106),1.98,2.89,2.95,3.91,4.38,4.3,3.3,3.84,4.49,3.73,3.62,4.37,4.32
FREENET - CURRENT RATIO,DE000A0Z2ZZ5(WC08106),0.99,0.91,0.9,0.92,1.05,1.07,1.08,0.79,1.13,1.18,0.68,0.51,0.98
SLM SOLUTION GROUP - CURRENT RATIO,DE000A111338(WC08106),NA,NA,NA,NA,NA,3.1,9.77,4.05,3.98,7.31,5.21,4.17,2.85
SCOUT24 - CURRENT RATIO,DE000A12DM80(WC08106),NA,NA,NA,NA,NA,NA,1.19,1.35,0.86,0.72,1.14,3.51,12.41
HELLA GMBH & KGAA - CURRENT RATIO,DE000A13SX22(WC08106),NA,NA,1.68,1.63,1.45,1.79,1.67,1.95,1.88,1.66,1.87,1.72,1.94
HOME24 - CURRENT RATIO,DE000A14KEB5(WC08106),NA,NA,NA,NA,NA,NA,0.94,1.39,1.19,0.92,1.87,1.11,1.41
HELLOFRESH - CURRENT RATIO,DE000A161408(WC08106),NA,NA,NA,NA,NA,NA,2.05,2.26,1.32,3.58,1.74,1.32,1.77
BRENNTAG - CURRENT RATIO,DE000A1DAHH0(WC08106),1.67,1.81,1.61,1.6,1.58,1.56,1.6,1.78,1.91,1.48,1.84,1.82,1.69
ADIDAS - CURRENT RATIO,DE000A1EWWW0(WC08106),1.35,1.58,1.5,1.5,1.57,1.45,1.68,1.4,1.31,1.37,1.44,1.25,1.38
NORMA GROUP - CURRENT RATIO,DE000A1H8BV3(WC08106),3.79,1.84,1.32,2.2,1.83,1.54,2.09,2.3,2.16,2.08,1.71,2.08,1.62
TELEFONICA DTL.HLDG. - CURRENT RATIO,DE000A1J5RX9(WC08106),NA,4.4,3.35,4.32,0.91,1.18,0.97,0.63,0.69,0.59,0.82,0.68,0.73
#ERROR,,"$$ER: 4540,NO DATA VALUES FOUND",,,,,,,,,,,,
BOSS (HUGO) - CURRENT RATIO,DE000A1PHFF7(WC08106),2.33,2.05,2.28,1.99,1.26,1.8,1.84,1.76,1.64,1.74,1.8,1.32,1.23
CENTROTHERM PHTO. - CURRENT RATIO,DE000A1TNMM9(WC08106),1.41,1.34,1.42,1.39,NA,1.11,1.62,0.97,0.96,1.05,1.56,1.18,1.05
#ERROR,,"$$ER: 4540,NO DATA VALUES FOUND",,,,,,,,,,,,
SOLARWORLD K - CURRENT RATIO,DE000A1YCMM2(WC08106),7.81,5.75,3.59,4.13,1.21,0.77,2.95,2.34,1.89,NA,NA,NA,NA
DELIVERY HERO - CURRENT RATIO,DE000A2E4K43(WC08106),NA,NA,NA,NA,0.24,0.55,0.75,1.07,1.25,3.44,2.68,1.54,3.34
JENOPTIK N - CURRENT RATIO,DE000A2NB601(WC08106),1.19,1.67,1.76,1.93,2.08,2.38,2.27,2.35,2.73,2.6,2.27,2.1,1.18
SCHALTBAU HOLDING N - CURRENT RATIO,DE000A2NBTL2(WC08106),1.22,1.21,1.53,1.59,1.9,1.92,2.06,2.19,1.1,1.5,1.06,1.51,1.74
TEAMVIEWER - CURRENT RATIO,DE000A2YN900(WC08106),NA,NA,NA,NA,NA,NA,NA,NA,0.24,0.21,0.26,0.33,0.33
#ERROR,,"$$ER: 4540,NO DATA VALUES FOUND",,,,,,,,,,,,
BASF - CURRENT RATIO,DE000BASF111(WC08106),1.3,1.71,1.63,1.67,1.69,1.84,1.73,1.73,1.69,2.09,1.85,1.87,1.83
BAYER - CURRENT RATIO,DE000BAY0017(WC08106),1.24,1.88,1.69,1.5,1.45,1.36,1.43,1.4,1.64,2.21,1.36,1.4,0.97
METRO - CURRENT RATIO,DE000BFB0019(WC08106),NA,NA,NA,NA,NA,0.71,0.7,0.92,0.81,0.78,0.88,0.93,0.87
#ERROR,,"$$ER: 4540,NO DATA VALUES FOUND",,,,,,,,,,,,
MCKESSON EUROPE - CURRENT RATIO,DE000CLS1001(WC08106),1.41,1.4,1.41,1.3,1.42,1.28,1.34,1.34,1.35,1.29,1.44,1.45,1.16
E ON N - CURRENT RATIO,DE000ENAG999(WC08106),0.91,1.04,1.23,1.1,1.2,1.08,1.2,1.2,0.75,1.12,1.54,0.85,0.81
SIEMENS ENERGY N - CURRENT RATIO,DE000ENER6Y0(WC08106),NA,NA,NA,NA,NA,NA,NA,NA,NA,1.19,1.11,1.06,1.04
EVONIK INDUSTRIES - CURRENT RATIO,DE000EVNK013(WC08106),1.51,1.59,1.56,1.81,1.38,1.66,1.86,2.17,2.76,1.66,1.67,1.86,1.7
HENSOLDT - CURRENT RATIO,DE000HAG0005(WC08106),NA,NA,NA,NA,NA,NA,NA,NA,NA,NA,1.37,1.35,1.22
JOST WERKE - CURRENT RATIO,DE000JST4000(WC08106),NA,NA,NA,NA,NA,NA,2.19,1.99,2.38,2.44,2.43,3.02,1.5
KNORR BREMSE - CURRENT RATIO,DE000KBX1006(WC08106),1.48,1.63,1.88,2.04,2.95,3.04,3.33,3.37,3.77,3.34,1.76,1.68,1.32
KLOECKNER & CO - CURRENT RATIO,DE000KC01000(WC08106),2.75,3.02,3.14,2.55,2.79,2.44,2.11,2.06,2.5,2.25,2.33,2.36,1.9
KION GROUP - CURRENT RATIO,DE000KGX8881(WC08106),NA,1.45,1.22,1.11,1.22,0.93,0.89,0.94,0.88,0.87,0.77,0.78,0.89
K + S - CURRENT RATIO,DE000KSAG888(WC08106),1.93,2.53,2.63,2.56,3.78,2.36,2.82,2.03,1.6,1.4,1.56,1.55,1.43
OSRAM LICHT - CURRENT RATIO,DE000LED4000(WC08106),NA,NA,1.17,1.01,1.23,1.77,1.83,1.9,1.6,1.64,1.28,1.03,0.93
#ERROR,,"$$ER: 4540,NO DATA VALUES FOUND",,,,,,,,,,,,
NEW WORK N - CURRENT RATIO,DE000NWRK013(WC08106),2.42,2.1,2.14,1.42,1.89,1.86,1.43,1.55,1.34,0.65,0.76,0.6,0.66
PROSIEBENSAT 1 MEDIA - CURRENT RATIO,DE000PSM7770(WC08106),1,1.04,1.18,1.51,2.53,1.31,1.36,1.45,1.88,1.91,1.4,1.33,1.07
SA - CURRENT RATIO,DE000SAFH001(WC08106),0.46,2,1.69,1.68,1.9,1.78,2.14,4.06,3.96,2.64,2.89,1.37,2.48
SCHAEFFLER - CURRENT RATIO,DE000SHA0159(WC08106),NA,NA,NA,NA,1.9,1.45,1.91,1.82,1.74,1.62,1.57,1.49,1.75
STRATEC - CURRENT RATIO,DE000STRA555(WC08106),4.47,3.65,4.17,4.78,4.55,5.52,5.77,5.79,1.12,4.08,3.26,3.62,4.38
SYMRISE - CURRENT RATIO,DE000SYM9999(WC08106),1.08,1.22,1.63,1.96,2.26,2.66,2.14,2.75,1.59,2.76,1.51,1.83,3.5
#ERROR,,"$$ER: 4540,NO DATA VALUES FOUND",,,,,,,,,,,,
TUI - CURRENT RATIO,DE000TUAG000(WC08106),1.08,0.72,0.7,0.65,0.62,0.63,0.72,0.58,0.74,0.66,0.72,0.59,0.43
UNIPER SE - CURRENT RATIO,DE000UNSE018(WC08106),NA,NA,NA,NA,NA,1.14,1.16,1,1.04,1.09,1,1.06,1.04
WACKER NEUSON - CURRENT RATIO,DE000WACK012(WC08106),2.57,3.73,3.21,2.06,2.53,2.95,2.85,2.53,1.88,3.31,2.85,2.87,3.65
SILTRONIC - CURRENT RATIO,DE000WAF3001(WC08106),NA,NA,NA,NA,4.37,6.69,1.45,3.13,3.32,4.64,3.95,3.55,3.76
WACKER CHEMIE - CURRENT RATIO,DE000WCH8881(WC08106),1.74,1.94,1.97,2,1.69,1.84,1.8,1.7,1.48,2.49,2.5,3.12,4.33
ZALANDO - CURRENT RATIO,DE000ZAL1111(WC08106),NA,NA,NA,1.5,2.08,1.81,2.53,2.29,1.95,1.76,1.53,1.36,1.68
CARLSBERG B - CURRENT RATIO,DK0010181759(WC08106),0.75,0.59,0.57,0.71,0.77,0.59,0.66,0.56,0.49,0.61,0.52,0.54,0.67
KOBENHAVNS LUFTHAVNE - CURRENT RATIO,DK0010201102(WC08106),0.24,1.28,1.97,0.95,0.69,0.42,0.25,0.39,0.42,0.21,0.31,0.18,0.24
BANG AND OLUFSEN - CURRENT RATIO,DK0010218429(WC08106),1.92,1.87,1.69,1.8,1.54,1.55,1.44,2.18,2.66,2.13,2.37,2.01,1.75
ROCKWOOL B - CURRENT RATIO,DK0010219153(WC08106),1.89,1.69,1.39,1.23,1.42,1.11,0.99,1.08,1.76,2.18,2.22,2.09,1.65
FLSMIDTH AND CO. - CURRENT RATIO,DK0010234467(WC08106),1.07,1.12,1.18,1.12,1.16,1.16,1.16,1.28,1.31,1.16,1.24,1.28,1.26
A P MOLLER MAERSK B - CURRENT RATIO,DK0010244508(WC08106),0.98,0.93,1.16,1.12,1.15,1.36,1.69,1.16,1.04,1.63,1.65,1.19,1.27
SCHOUW AND - CURRENT RATIO,DK0010253921(WC08106),1.37,1.09,1.17,1.11,1.21,1.92,1.91,1.93,1.81,1.62,1.49,1.54,1.43
MT HOEJGAARD HOLDING - CURRENT RATIO,DK0010255975(WC08106),1.22,1.27,1.37,1.18,1.07,1.24,1.49,1.16,1.15,1.62,9.75,0.93,1.06
GN STORE NORD - CURRENT RATIO,DK0010272632(WC08106),1.57,1.49,3.1,3.18,1.42,1.67,1.47,1.55,1.38,1.49,1.4,1.25,1.3
#ERROR,,"$$ER: 4540,NO DATA VALUES FOUND",,,,,,,,,,,,
SOLAR B - CURRENT RATIO,DK0010274844(WC08106),1.65,1.97,1.86,1.61,1.56,1.53,1.49,1.52,1.27,1.24,1.27,1.12,1.35
H LUNDBECK - CURRENT RATIO,DK0010287234(WC08106),2.95,1.36,1.67,1.87,1.84,1.74,1.3,0.99,0.97,1.37,1.54,0.88,1.01
NKT - CURRENT RATIO,DK0010287663(WC08106),1.2,1.29,1.5,1.33,1.15,1.59,1.53,1.46,2.14,0.91,1.03,0.78,1.1
#ERROR,,"$$ER: 4540,NO DATA VALUES FOUND",,,,,,,,,,,,
#ERROR,,"$$ER: 4540,NO DATA VALUES FOUND",,,,,,,,,,,,
H+H INTERNATIONAL - CURRENT RATIO,DK0015202451(WC08106),2.22,2.44,1.74,1.5,1.53,1.33,1.28,0.99,0.9,1.27,0.69,1.53,2.22
BAVARIAN NORDIC - CURRENT RATIO,DK0015998017(WC08106),1.76,1.22,1.16,1.67,1.84,2.31,2.26,2.38,3.04,11.23,5.2,0.32,2.5
#ERROR,,"$$ER: E100,NO WORLDSCOPE DATA FOR THIS CODE",,,,,,,,,,,,
#ERROR,,"$$ER: 4540,NO DATA VALUES FOUND",,,,,,,,,,,,
DSV - CURRENT RATIO,DK0060079531(WC08106),0.88,0.99,0.98,0.95,0.99,1.08,1.01,1.5,1.17,1.2,1.16,0.96,1.05
DMPKBT.NORDEN - CURRENT RATIO,DK0060083210(WC08106),4.48,5.97,3.69,3.24,4.25,3.75,1.95,2.27,2.45,2.13,1.42,1.37,1.57
ORSTED - CURRENT RATIO,DK0060094928(WC08106),NA,1.45,1.41,1.3,1.29,1.37,2.09,1.6,1.82,2.09,1.9,2.03,1.85
CHRISTIAN HANSEN HOLDING - CURRENT RATIO,DK0060227585(WC08106),1.77,1.47,1.54,1.65,1.26,1.58,1.52,1.45,1.4,1.47,1.2,1.31,0.44
PANDORA - CURRENT RATIO,DK0060252690(WC08106),1.48,2.2,1.14,1.76,1.95,1.67,1.48,1.37,1.45,1.56,1.36,0.84,0.71
NOVOZYMES B - CURRENT RATIO,DK0060336014(WC08106),1.48,1.94,2.21,2.03,1.87,2.24,1.86,1.86,1.79,1.34,1.24,1.49,1.66
COLOPLAST B - CURRENT RATIO,DK0060448595(WC08106),1.43,1.69,1.63,2.38,1.61,2.37,1.71,1.26,1.16,1.14,1.19,1.29,1.3
#ERROR,,"$$ER: 4540,NO DATA VALUES FOUND",,,,,,,,,,,,
SIMCORP - CURRENT RATIO,DK0060495240(WC08106),2.41,2.57,2.89,3.15,3.07,2.4,2.12,2.35,1.78,1.79,2.7,2.15,2.7
NOVO NORDISK 'B' - CURRENT RATIO,DK0060534915(WC08106),2.24,2.44,2.02,1.91,1.86,1.74,1.37,1.35,1.26,1.28,1.09,1.06,0.94
ISS - CURRENT RATIO,DK0060542181(WC08106),0.96,0.8,0.85,0.85,0.9,0.84,1.04,1.16,1.19,1.27,1.31,1.09,0.99
ROYAL UNIBREW - CURRENT RATIO,DK0060634707(WC08106),0.82,1,0.68,0.76,1.13,0.45,0.72,0.63,0.46,0.71,0.64,0.52,0.58
#ERROR,,"$$ER: 4540,NO DATA VALUES FOUND",,,,,,,,,,,,
DFDS - CURRENT RATIO,DK0060655629(WC08106),0.71,0.54,1.27,1.24,1.28,0.99,1.06,1.06,0.81,1.04,0.98,1.03,1.15
DEMANT - CURRENT RATIO,DK0060738599(WC08106),0.79,0.85,1.07,1.19,0.81,0.82,0.78,0.94,0.88,0.94,0.8,0.78,0.91
#ERROR,,"$$ER: 4540,NO DATA VALUES FOUND",,,,,,,,,,,,
NILFISK HOLDING - CURRENT RATIO,DK0060907293(WC08106),NA,NA,NA,NA,NA,NA,1.56,1.08,1.11,1.74,1.68,1.55,1.01
AMBU B - CURRENT RATIO,DK0060946788(WC08106),1.6,1.67,1.82,1.91,2.28,1.89,1.87,1.88,1.94,0.74,2.08,1.15,1.19
NETCOMPANY GROUP - CURRENT RATIO,DK0060952919(WC08106),NA,NA,NA,NA,NA,NA,2.1,2.37,1.54,1.86,2.02,1.91,2.45
DRILLING COMPANY OF 1972 - CURRENT RATIO,DK0061135753(WC08106),NA,NA,NA,NA,NA,NA,NA,NA,12.57,1.96,1.73,1.45,1.2
EAC INVEST - CURRENT RATIO,DK0061277894(WC08106),1.72,2,2.24,1.53,1.39,1.15,1.01,1.31,1.34,1.09,0.91,6.6,16.4
HUSCOMPAGNIET - CURRENT RATIO,DK0061412855(WC08106),NA,NA,NA,NA,NA,NA,NA,NA,NA,1.32,1.25,1.17,1.54
VESTAS WINDSYSTEMS - CURRENT RATIO,DK0061539921(WC08106),1.09,1.6,1.25,1.03,1.18,1.06,1.08,1.24,1.24,1.23,1.16,1.12,1.09
#ERROR,,"$$ER: 4540,NO DATA VALUES FOUND",,,,,,,,,,,,
APPLUS SERVICIOS - CURRENT RATIO,ES0105022000(WC08106),NA,NA,NA,1.57,1.7,1.67,1.7,1.6,1.66,1.54,1.66,1.34,1.2
#ERROR,,"$$ER: 4540,NO DATA VALUES FOUND",,,,,,,,,,,,
LOGISTA HOLD - CURRENT RATIO,ES0105027009(WC08106),NA,NA,NA,0.89,0.9,0.82,0.81,0.82,0.84,0.85,0.86,0.87,0.88
AENA SME - CURRENT RATIO,ES0105046009(WC08106),NA,NA,NA,0.18,0.21,0.33,0.43,0.59,0.66,0.82,0.74,0.36,1.2
CELLNEX TELECOM - CURRENT RATIO,ES0105066007(WC08106),NA,NA,NA,1.77,1.68,1.2,1.26,1.1,1.84,1.58,1.28,4.12,4.82
ABENGOA - CURRENT RATIO,ES0105200416(WC08106),1.01,0.87,1,1.01,0.86,0.84,0.99,0.46,0.48,0.85,0.42,0.36,0.3
GESTAMP AUTOMOCION - CURRENT RATIO,ES0105223004(WC08106),NA,NA,NA,NA,1.1,1.38,1.32,1.18,1.06,1.22,1.29,1.32,1.33
PROSEGUR CASH - CURRENT RATIO,ES0105229001(WC08106),NA,NA,NA,NA,NA,NA,1.6,1.33,1.16,1.48,1.28,1.07,1.13
SOLARPACK CORPN. - CURRENT RATIO,ES0105385001(WC08106),NA,NA,NA,NA,NA,NA,NA,1.32,3.98,1.38,3.9,0.92,1.83
CIE AUTOMOTIVE - CURRENT RATIO,ES0105630315(WC08106),0.85,0.68,0.73,1.07,1.13,0.97,0.96,0.84,0.93,0.86,0.94,0.84,0.81
AMADEUS IT GROUP - CURRENT RATIO,ES0109067019(WC08106),0.98,1.18,1.16,0.82,0.64,0.75,0.56,0.6,0.47,0.54,0.51,0.49,1.3
ATRESMEDIA CORP - CURRENT RATIO,ES0109427734(WC08106),0.78,0.81,0.9,0.9,0.65,0.99,1.01,1.08,1.06,1.06,1.26,1.44,1.54
EBRO FOODS - CURRENT RATIO,ES0112501012(WC08106),1.13,1.51,1.93,1.56,1.6,1.58,1.44,1.74,1.86,1.68,1.55,1.55,1.13
#ERROR,,"$$ER: 4540,NO DATA VALUES FOUND",,,,,,,,,,,,
#ERROR,,"$$ER: 4540,NO DATA VALUES FOUND",,,,,,,,,,,,
#ERROR,,"$$ER: 4540,NO DATA VALUES FOUND",,,,,,,,,,,,
#ERROR,,"$$ER: 4540,NO DATA VALUES FOUND",,,,,,,,,,,,
NATURGY ENERGY - CURRENT RATIO,ES0116870314(WC08106),0.78,1.06,1.32,1.27,1.48,1.25,1.28,1.2,1.14,1.46,1.19,1.32,1.4
#ERROR,,"$$ER: 4540,NO DATA VALUES FOUND",,,,,,,,,,,,
#ERROR,,"$$ER: 4540,NO DATA VALUES FOUND",,,,,,,,,,,,
INDRA SISTEMAS - CURRENT RATIO,ES0118594417(WC08106),1.13,1.29,1.29,1.25,1.25,1.52,1.41,1.16,1.31,1.12,1.3,1.31,1.26
FERROVIAL - CURRENT RATIO,ES0118900010(WC08106),1,0.8,0.9,0.98,1.12,1.13,1.11,1.01,1.39,1.38,1.47,1.36,1.45
CONST Y AUXILIAR DE FERR - CURRENT RATIO,ES0121975009(WC08106),1.08,1.11,1.19,1.18,1.12,1.25,1.47,1.51,1.41,1.43,1.21,1.22,1.22
FOMENTO CONSTR.Y CNTR. - CURRENT RATIO,ES0122060314(WC08106),1.01,1.12,1.1,0.95,0.87,0.6,1.08,1,1.16,1.08,1.31,1.22,1.3
#ERROR,,"$$ER: 4540,NO DATA VALUES FOUND",,,,,,,,,,,,
ERCROS - CURRENT RATIO,ES0125140A14(WC08106),1.33,1.36,0.92,0.99,0.91,0.95,0.9,0.98,1.18,1.02,1.02,1.03,1.17
ACCIONA - CURRENT RATIO,ES0125220311(WC08106),1.13,1.18,0.93,1.07,1.07,1,1.16,1.19,1.06,1.17,0.89,0.98,0.93
DISTRIBUIDORA INTNAC.DE - CURRENT RATIO,ES0126775032(WC08106),0.5,0.49,0.43,0.47,0.48,0.48,0.53,0.51,0.59,0.55,0.49,0.5,0.5
EDP RENOVAVEIS - CURRENT RATIO,ES0127797019(WC08106),0.94,0.89,0.98,0.82,0.82,0.9,0.81,0.68,0.87,0.63,0.6,0.64,0.72
ENCE ENERGIA Y CELULOSA - CURRENT RATIO,ES0130625512(WC08106),0.84,0.63,1.61,1.35,1.48,1.58,1.52,1.98,1.77,2.18,1.18,1.1,1.64
ENDESA - CURRENT RATIO,ES0130670112(WC08106),1.41,1.01,1.58,1.51,1.33,1.21,0.93,0.85,0.72,0.73,0.73,0.72,0.73
ENAGAS - CURRENT RATIO,ES0130960018(WC08106),0.66,1.23,1.47,1.01,2.42,1.43,0.9,1.06,0.94,2.5,2.8,2.97,2.09
ACERINOX 'R' - CURRENT RATIO,ES0132105018(WC08106),2.37,1.52,1.51,1.51,1.44,1.24,1.67,1.63,1.92,1.76,1.96,2.03,2.06
TUBACEX - CURRENT RATIO,ES0132945017(WC08106),1.54,1.41,1.25,1.21,1.67,1.45,1.64,1.43,1.36,1,1.16,1.14,1.27
FAES FARMA - CURRENT RATIO,ES0134950F36(WC08106),1.22,1.29,1.08,1.12,1.58,1.66,2.95,3.65,4.05,3.01,2.1,3.09,3.42
FLUIDRA - CURRENT RATIO,ES0137650018(WC08106),1.38,1.61,1.69,1.7,2.07,1.65,1.66,1.9,1.89,1.81,2.38,2.26,1.91
#ERROR,,"$$ER: 4540,NO DATA VALUES FOUND",,,,,,,,,,,,
#ERROR,,"$$ER: 4540,NO DATA VALUES FOUND",,,,,,,,,,,,
OBRASCON HUARTE LAIN - CURRENT RATIO,ES0142090317(WC08106),0.92,0.79,1.04,1.04,1.16,1.16,1.01,1.3,1.27,1.53,1.15,1.05,1.08
SIEMENS GAMESA RENEWABLE - CURRENT RATIO,ES0143416115(WC08106),1.46,1.41,1.48,1.61,1.45,1.17,1.42,1.36,1.29,1.01,1.03,0.99,0.83
IBERDROLA - CURRENT RATIO,ES0144580Y14(WC08106),0.67,1.09,1.02,1.14,1.13,0.93,0.84,0.73,0.76,0.83,0.83,0.71,0.83
INDITEX - CURRENT RATIO,ES0148396007(WC08106),1.21,1.37,1.71,1.94,2.01,1.92,1.95,1.9,1.81,1.82,1.96,1.97,1.56
MEDIASET ESPANA - CURRENT RATIO,ES0152503035(WC08106),1.1,0.64,0.83,0.84,0.99,1.24,1.97,1.62,1.53,1.35,1.66,1.56,2.63
ALMIRALL - CURRENT RATIO,ES0157097017(WC08106),1.41,1.64,1.46,1.11,1.24,0.84,3.07,3.8,1.99,1.48,1.7,1.51,1.03
LBOS.FARMACEUTICOS ROVI - CURRENT RATIO,ES0157261019(WC08106),2.79,3.26,3.14,2.98,2.38,2.36,2.61,2.6,2.19,2.3,2.9,2.98,2.97
NH HOTEL GR - CURRENT RATIO,ES0161560018(WC08106),0.72,0.79,0.57,0.36,0.28,0.92,1.14,0.91,1.1,0.65,1.33,0.85,0.84
MIQUEL Y COSTAS - CURRENT RATIO,ES0164180012(WC08106),1.61,1.65,2.26,3.07,2.89,2.39,2.08,2.25,2.55,2.81,3.03,2.92,3.03
SOLARIA ENERGIA Y MEDIO - CURRENT RATIO,ES0165386014(WC08106),2.55,1.67,1.65,1.55,0.71,0.38,0.31,0.53,1.33,2.51,6.29,1.71,1.22
ACS ACTIV.CONSTR.Y SERV. - CURRENT RATIO,ES0167050915(WC08106),1.21,1,0.96,0.99,1.06,1.11,1.02,1.11,1.01,1.1,1.06,1.01,1.08
PHARMA MAR - CURRENT RATIO,ES0169501022(WC08106),1.91,1.76,1.39,1.45,1.22,1.29,1.23,1.59,1.39,1.12,1.04,0.83,2.59
PROMOTORA DE INFIC. 'A' - CURRENT RATIO,ES0171743901(WC08106),0.39,0.36,0.94,0.96,0.97,1.1,1.68,1.77,1.54,0.75,1.48,1.41,1.24
GRIFOLS ORD CL A - CURRENT RATIO,ES0171996087(WC08106),1.97,3.36,2.7,2.99,3.26,2.99,2.7,2.93,2.91,3.01,2.77,3.92,2.37
RED ELECTRICA - CURRENT RATIO,ES0173093024(WC08106),0.42,0.39,0.23,0.22,0.36,0.59,0.78,0.8,0.92,0.91,1.25,0.79,1.31
REPSOL YPF - CURRENT RATIO,ES0173516115(WC08106),1.35,1.23,1.39,1.19,1.51,1.52,1.66,0.88,1.08,1.23,1.35,1.09,1.29
PROSEGUR CIA.SECURIDAD - CURRENT RATIO,ES0175438003(WC08106),1.19,1.08,1.16,1.32,1.22,1.3,1.29,1.11,1.57,1.35,1.95,1.5,1.37
MELIA HOTELS INTL. - CURRENT RATIO,ES0176252718(WC08106),0.79,1.07,1,1.1,0.87,1.03,1.07,0.85,0.89,0.93,1.01,0.83,0.48
INTL.CONS.AIRL.GP. - CURRENT RATIO,ES0177542018(WC08106),NA,0.99,0.8,0.9,0.66,0.72,0.76,0.8,1.05,1.05,0.91,0.89,0.68
TECNICAS REUNIDAS - CURRENT RATIO,ES0178165017(WC08106),1.09,1.14,1.12,1.14,1.17,1.19,1.19,1.09,1.11,1.09,1.11,1.03,1.05
TELEFONICA - CURRENT RATIO,ES0178430E18(WC08106),0.72,0.88,0.63,0.64,0.81,1,0.77,0.91,0.56,0.69,0.79,0.81,1.2
GPO.EMPRESARIAL SAN JOSE - CURRENT RATIO,ES0180918015(WC08106),1.41,2.07,2.11,2.21,2.21,0.69,1.07,1.4,1.38,1.3,1.06,1.23,1.25
SACYR - CURRENT RATIO,ES0182870214(WC08106),0.94,1.01,0.55,1.01,0.9,0.77,0.51,1.05,1.1,1.27,1.12,1.01,0.98
VISCOFAN - CURRENT RATIO,ES0184262212(WC08106),1.72,1.96,1.95,2.1,2.07,2.17,2.25,3.58,3.81,3.92,2.91,3.34,2.78
ZARDOYA OTIS - CURRENT RATIO,ES0184933812(WC08106),1.3,1.22,1.17,1.09,1.13,1.16,1.16,1.21,1.23,1.26,1.2,1.14,1.13
KESKO B - CURRENT RATIO,FI0009000202(WC08106),1.4,1.56,1.49,1.33,1.4,1.43,1.41,1.54,1.33,1.19,1.2,1.03,0.97
STOCKMANN B - CURRENT RATIO,FI0009000251(WC08106),1.69,2.3,0.7,0.73,0.7,0.71,0.71,0.51,0.56,0.58,0.54,0.57,0.38
TIETOEVRY - CURRENT RATIO,FI0009000277(WC08106),1.21,1.23,1.24,1.19,1.06,1.29,1.36,1.17,1.1,1.01,1.17,0.73,1
FISKARS 'A' - CURRENT RATIO,FI0009000400(WC08106),0.93,0.8,0.91,1.02,1.37,0.95,3.22,2.79,3.54,3.43,3.28,1.17,1.27
HUHTAMAKI - CURRENT RATIO,FI0009000459(WC08106),1.31,1.22,1.38,1.12,1.54,1.97,1.91,1.4,1.21,1.48,1.31,1.39,1.42
METSA BOARD B - CURRENT RATIO,FI0009000665(WC08106),1.63,1.48,1.76,1.36,0.97,1.89,1.78,1.92,1.44,1.96,1.62,2.14,2.5
NOKIA - CURRENT RATIO,FI0009000681(WC08106),1.2,1.55,1.55,1.46,1.42,2.02,1.88,2.48,1.64,1.56,1.3,1.39,1.55
UPONOR - CURRENT RATIO,FI0009002158(WC08106),1.63,1.42,1.25,1.56,1.68,1.73,1.7,1.42,1.53,1.55,1.78,1.89,1.73
OUTOKUMPU 'A' - CURRENT RATIO,FI0009002422(WC08106),2.23,1.43,1.57,1.3,1.59,1.28,1.24,1.25,1.08,1.1,1.14,1.17,1.17
FINNAIR - CURRENT RATIO,FI0009003230(WC08106),0.72,0.98,1.18,0.81,0.81,0.81,0.86,1.11,1.3,1.28,1.18,1.02,1.61
#ERROR,,"$$ER: 4540,NO DATA VALUES FOUND",,,,,,,,,,,,
WARTSILA - CURRENT RATIO,FI0009003727(WC08106),1.24,1.41,1.46,1.39,1.28,1.35,1.38,1.37,1.5,1.43,1.46,1.46,1.47
KEMIRA - CURRENT RATIO,FI0009004824(WC08106),0.9,1.14,1.45,1.27,1.08,0.98,1.31,1.4,1.34,1.3,1.23,1.11,1.15
VIKING LINE - CURRENT RATIO,FI0009005250(WC08106),1.11,1.18,1.75,1.52,1.07,1.57,1.61,1.68,1.56,1.25,1.14,1.11,0.74
NOKIAN RENKAAT - CURRENT RATIO,FI0009005318(WC08106),3.74,3.39,4.05,2.69,5.48,2.84,4.19,4.05,3.92,4.87,2.31,3.98,2.34
KONECRANES - CURRENT RATIO,FI0009005870(WC08106),1.67,1.62,1.48,1.35,1.44,1.32,1.4,1.17,1.16,1.26,1.29,1.36,1.37
STORA ENSO R - CURRENT RATIO,FI0009005961(WC08106),1.43,1.43,1.75,1.65,2.11,1.76,1.41,1.31,1.21,1.13,1.35,1.23,1.44
UP - CURRENT RATIO,FI0009005987(WC08106),1.86,1.92,1.83,1.53,1.9,1.94,1.96,2.05,1.81,1.82,2.24,2.51,2.71
HKSCAN A - CURRENT RATIO,FI0009006308(WC08106),1.49,1.32,1.13,1.02,0.98,0.95,1.03,1.01,0.89,0.96,0.94,1,0.88
ATRIA 'A' - CURRENT RATIO,FI0009006548(WC08106),1.14,1.2,1.1,1.07,0.96,0.9,0.88,0.81,0.86,0.72,0.83,0.83,0.83
FORTUM - CURRENT RATIO,FI0009007132(WC08106),1.8,1.2,0.75,1.14,1.09,1.06,2.08,4.71,3.76,2.85,1.12,1.97,1.08
BITTIUM - CURRENT RATIO,FI0009007264(WC08106),2.93,3.73,2.05,1.72,1.42,1.74,1.79,7.32,6.27,4.54,3.24,3.72,3.28
RAPALA VMC - CURRENT RATIO,FI0009007355(WC08106),1.54,1.61,1.47,1.32,2.21,1.63,2.15,1.84,1.52,1.93,1.5,2.11,2.48
SANOMA - CURRENT RATIO,FI0009007694(WC08106),0.52,0.49,0.49,0.44,0.51,0.45,0.42,0.4,0.28,0.37,0.29,0.2,0.43
ELISA - CURRENT RATIO,FI0009007884(WC08106),0.86,0.8,0.55,0.82,0.98,0.94,0.9,0.73,0.98,0.98,0.94,1.16,1.31
ASPO - CURRENT RATIO,FI0009008072(WC08106),0.88,1.21,1.52,1.69,1.1,1.27,1.11,1.61,1.88,1.54,1.61,1.17,1.26
SUOMINEN - CURRENT RATIO,FI0009010862(WC08106),1.8,1.2,1.03,1.77,1.34,1.29,2.04,2.5,1.86,1.86,1.52,1.88,2.66
NESTE - CURRENT RATIO,FI0009013296(WC08106),1.36,1.37,1.23,1.16,1.3,1.39,1.09,1.47,1.55,1.81,1.84,2.31,2.17
KONE 'B' - CURRENT RATIO,FI0009013403(WC08106),1.11,1.23,1.21,1.27,1.12,1.06,1.09,1.17,1.23,1.28,1.32,1.28,1.25
CARGOTEC 'B' - CURRENT RATIO,FI0009013429(WC08106),1.21,1.26,1.28,1.22,1.2,1.28,1.21,1.33,1.23,1.35,1.37,1.29,1.45
ORIOLA B - CURRENT RATIO,FI0009014351(WC08106),0.99,1,1.11,1.05,0.91,0.92,0.76,0.84,0.81,0.75,0.74,0.73,0.75
ORION B - CURRENT RATIO,FI0009014377(WC08106),3.36,3.09,3.01,2.71,2.94,3.19,3.04,2.89,3,3.45,2.32,3.2,3.47
METSO OUTOTEC - CURRENT RATIO,FI0009014575(WC08106),1.31,1.51,1.35,1.18,1.2,1.47,1.46,1.32,1.36,1.42,1.29,1.05,1.58
YIT - CURRENT RATIO,FI0009800643(WC08106),1.65,1.82,1.63,1.58,1.61,1.67,1.57,1.67,1.52,1.62,1.43,1.42,1.43
VAISALA A - CURRENT RATIO,FI0009900682(WC08106),3.6,3.09,2.44,2.36,2.65,2.27,2.36,2.32,2.49,2.47,1.5,1.44,2.16
TIKKURILA - CURRENT RATIO,FI4000008719(WC08106),1.37,1.47,2.23,1.36,1.52,1.83,1.91,1.83,1.71,1.4,1.3,1.53,1.71
#ERROR,,"$$ER: 4540,NO DATA VALUES FOUND",,,,,,,,,,,,
CAVERION - CURRENT RATIO,FI4000062781(WC08106),NA,NA,0.56,1.28,1.24,1.13,1.03,1.03,0.97,1,0.95,0.91,0.91
VALMET - CURRENT RATIO,FI4000074984(WC08106),NA,NA,1.01,1.04,1.04,1.07,0.97,1.02,1.02,1.03,1.04,1.01,0.96
ENENTO GROUP - CURRENT RATIO,FI4000123195(WC08106),NA,NA,NA,NA,4.47,1.77,1.83,3.63,3.68,3.05,2.23,1.27,1.32
TOKMANNI GROUP CORP. - CURRENT RATIO,FI4000197934(WC08106),NA,NA,NA,NA,NA,2.15,2.13,2.01,2.13,2.06,1.94,1.5,1.07
TERVEYSTALO - CURRENT RATIO,FI4000252127(WC08106),NA,NA,NA,NA,NA,NA,NA,NA,0.78,0.79,0.67,0.55,0.59
ANORA GROUP - CURRENT RATIO,FI4000292438(WC08106),NA,NA,NA,NA,1.53,1.41,1.16,1.52,1.49,1.33,1.47,1.44,1.33
#ERROR,,"$$ER: 4540,NO DATA VALUES FOUND",,,,,,,,,,,,
#ERROR,,"$$ER: 4540,NO DATA VALUES FOUND",,,,,,,,,,,,
#ERROR,,"$$ER: 4540,NO DATA VALUES FOUND",,,,,,,,,,,,
NELES - CURRENT RATIO,FI4000440664(WC08106),1.31,1.45,1.32,1.3,1.48,1.58,1.84,2.52,2.52,1.85,1.64,2.19,2.6
BAKKAFROST - CURRENT RATIO,FO0000000179(WC08106),1.63,2.58,5.32,4.25,4.32,4.75,5.51,4.74,7.22,2.3,6.35,4.79,5.17
AIR FRANC - CURRENT RATIO,FR0000031122(WC08106),1.1,0.71,0.77,0.7,0.77,0.73,0.61,0.63,0.75,0.82,0.63,0.68,0.84
VIRBAC - CURRENT RATIO,FR0000031577(WC08106),1.28,1.38,1.48,1.43,1.37,1.43,1.34,1.33,1.1,1.22,1.23,1.21,1.83
VICAT - CURRENT RATIO,FR0000031775(WC08106),1.9,1.66,2.23,2.21,1.64,1.67,1.48,1.92,1.52,1.71,1.65,1.34,1.53
LATECOERE - CURRENT RATIO,FR0000032278(WC08106),2.8,1.19,2.8,2.26,2.61,1.19,1.59,2.55,2.87,2.73,1.52,1.33,1.64
GUERBET - CURRENT RATIO,FR0000032526(WC08106),2.1,2.06,1.95,1.65,1.66,1.69,1.68,1.89,1.91,2.12,1.35,2.39,2.34
#ERROR,,"$$ER: 4540,NO DATA VALUES FOUND",,,,,,,,,,,,
MANITOU - CURRENT RATIO,FR0000038606(WC08106),1.32,1.72,1.8,1.82,1.72,2.16,2.3,2.38,1.95,1.84,1.68,2.08,2.36
SECHE ENVIRONNEMENT - CURRENT RATIO,FR0000039109(WC08106),0.91,1.06,0.97,0.51,0.97,0.95,1.06,0.99,0.93,0.95,1.03,1.04,1.07
BOLLORE - CURRENT RATIO,FR0000039299(WC08106),0.89,0.9,0.91,1,1,1.01,0.91,0.94,0.96,0.98,1.1,0.82,0.69
MERSEN (EX LCL) - CURRENT RATIO,FR0000039620(WC08106),1.75,1.45,1.74,2.18,1.92,1.68,1.8,1.67,1.39,1.55,1.22,1.92,1.72
NEXANS - CURRENT RATIO,FR0000044448(WC08106),1.53,1.91,1.84,1.71,1.68,1.52,1.59,1.4,1.42,1.43,1.39,1.31,1.2
#ERROR,,"$$ER: 4540,NO DATA VALUES FOUND",,,,,,,,,,,,
LISI - CURRENT RATIO,FR0000050353(WC08106),1.86,2.09,1.81,1.78,1.92,1.94,2.04,2.01,1.71,1.69,1.68,1.88,1.73
SOPRA STERIA GROUP - CURRENT RATIO,FR0000050809(WC08106),1.11,1.1,1.08,0.98,1,1,1.04,0.89,0.93,0.94,0.85,0.89,0.96
MAUREL ET PROM - CURRENT RATIO,FR0000051070(WC08106),0.63,1.39,1.24,1.23,0.74,0.86,1.51,2.52,1.44,2.3,2.1,1.36,1.14
ATOS - CURRENT RATIO,FR0000051732(WC08106),0.97,1.12,1.13,0.99,1.13,1.19,1.21,1.26,1.27,1.19,1.17,1.09,1.33
TELEPERFORMANCE - CURRENT RATIO,FR0000051807(WC08106),1.51,1.39,1.35,1.46,1.66,1.84,1.45,1.61,1.43,1.47,1.59,1.5,1.63
HERMES INTL. - CURRENT RATIO,FR0000052292(WC08106),2.16,2.43,2.5,2.41,2.09,2.56,2.67,2.67,2.96,3.29,3.15,3.01,3.62
VILMORIN & CIE - CURRENT RATIO,FR0000052516(WC08106),1.41,1.41,1.67,1.86,1.77,1.81,1.84,1.68,1.75,1.74,1.75,1.79,1.09
AKWEL - CURRENT RATIO,FR0000053027(WC08106),1.15,1.4,1.61,1.36,1.53,1.87,1.76,1.77,1.94,1.87,1.85,2.06,2.19
M - CURRENT RATIO,FR0000053225(WC08106),1.14,1.74,1.5,1.5,1.53,1.35,1.42,1.42,1.44,1.24,1.43,1.35,1.79
COMPAGNIE DES ALPES - CURRENT RATIO,FR0000053324(WC08106),0.4,0.43,0.71,0.47,0.41,0.34,0.53,0.46,0.41,0.32,0.36,0.3,0.35
DERICHEBOURG - CURRENT RATIO,FR0000053381(WC08106),0.92,0.75,0.83,0.91,0.81,0.51,0.85,0.81,0.75,0.97,0.98,1.19,1.29
UBISOFT ENTERTAINMENT - CURRENT RATIO,FR0000054470(WC08106),1.51,1.5,1.24,1.23,1.01,1.25,1.02,1.91,1.6,2.03,1.67,1.33,1.71
TF1 (TV.FSE.1) - CURRENT RATIO,FR0000054900(WC08106),1.17,1.13,1.12,1.14,1.26,1.33,1.47,1.71,1.51,1.56,1.32,1.31,1.28
ALBIOMA - CURRENT RATIO,FR0000060402(WC08106),NA,NA,NA,NA,NA,1.54,1.54,0.96,1.35,1.26,1.03,1.01,1.32
RALLYE - CURRENT RATIO,FR0000060618(WC08106),0.8,0.99,0.94,0.86,1.01,0.93,0.91,0.84,1.03,0.98,1.01,0.79,0.82
BOIRON - CURRENT RATIO,FR0000061129(WC08106),1.73,1.77,2.01,1.81,1.82,2.13,2.23,2.47,2.77,2.92,2.54,3,2.5
AUBAY - CURRENT RATIO,FR0000063737(WC08106),1.38,1.35,1.27,1.17,1.24,1.1,1.16,1.18,1.25,1.2,1.32,1.3,1.43
BONDUELLE - CURRENT RATIO,FR0000063935(WC08106),1.37,1.58,1.44,1.49,1.28,1.22,1.34,1.29,1.31,1.14,1.1,1.32,1.24
#ERROR,,"$$ER: 4540,NO DATA VALUES FOUND",,,,,,,,,,,,
#ERROR,,"$$ER: 4540,NO DATA VALUES FOUND",,,,,,,,,,,,
GL EVENTS - CURRENT RATIO,FR0000066672(WC08106),1.11,1.03,0.8,1,0.9,0.96,0.9,0.89,0.82,0.89,0.86,0.9,1.02
HAULOTTE GROUP - CURRENT RATIO,FR0000066755(WC08106),2.96,1.32,2.24,1.09,1.28,2.03,2.83,2.32,2.64,2.46,1.67,2.35,2.12
ALTEN - CURRENT RATIO,FR0000071946(WC08106),1.41,1.48,1.57,1.57,1.65,1.68,1.55,1.47,1.45,1.6,1.65,1.6,1.61
SAFRAN - CURRENT RATIO,FR0000073272(WC08106),0.91,1.05,1.08,0.97,1.13,1.03,0.88,0.8,0.77,1.25,0.86,0.88,0.96
IPSOS - CURRENT RATIO,FR0000073298(WC08106),1.03,1.47,1.59,1.56,1.61,1.84,1.61,1.62,1.56,1.78,1.86,1.36,1.23
ASSYSTEM - CURRENT RATIO,FR0000074148(WC08106),1.51,1.64,1.42,1.51,1.53,1.5,2.08,2.03,1.14,1.54,1.41,1.29,1.05
JCDECAUX - CURRENT RATIO,FR0000077919(WC08106),1.15,0.89,1.07,1.17,1.07,1.57,1.44,0.93,1.54,1.15,0.9,0.55,0.98
L AIR LQE.SC.ANYME. POUR - CURRENT RATIO,FR0000120073(WC08106),1.25,1.19,1.22,1.16,1.03,1.01,0.99,0.96,1.08,0.98,0.91,0.88,0.87
CARREFOUR - CURRENT RATIO,FR0000120172(WC08106),0.7,0.71,0.71,0.74,0.9,0.84,0.76,0.78,0.76,0.82,0.81,0.82,0.81
#ERROR,,"$$ER: 4540,NO DATA VALUES FOUND",,,,,,,,,,,,
TOTALENERGIES - CURRENT RATIO,FR0000120271(WC08106),1.37,1.45,1.41,1.36,1.38,1.37,1.45,1.38,1.33,1.5,1.28,1.21,1.23
L'OREAL - CURRENT RATIO,FR0000120321(WC08106),0.9,1.1,1.06,1.08,1.29,1.42,0.95,1.13,1.09,1.2,1.23,1.28,1.31
ACCOR - CURRENT RATIO,FR0000120404(WC08106),0.73,0.76,0.99,1.12,1.07,1.25,1.89,1.96,1,1.27,1.24,1.57,1.26
BOUYGUES - CURRENT RATIO,FR0000120503(WC08106),0.94,1.02,1.04,0.95,0.99,0.94,0.96,0.92,1.02,1.02,0.96,0.98,0.98
QUADIENT - CURRENT RATIO,FR0000120560(WC08106),0.69,0.56,0.66,0.72,0.67,1.1,1.11,1.07,1.14,1.18,1.57,1.27,1.89
SANOFI - CURRENT RATIO,FR0000120578(WC08106),1.65,1.6,1.99,1.53,1.65,1.71,1.8,1.48,1.62,1.7,1.41,1.4,1.75
#ERROR,,"$$ER: 4540,NO DATA VALUES FOUND",,,,,,,,,,,,
DANONE - CURRENT RATIO,FR0000120644(WC08106),1,0.75,0.82,0.88,0.81,0.74,0.7,0.87,2.11,0.93,1.04,0.9,1.03
ESSO - CURRENT RATIO,FR0000120669(WC08106),1.87,1.79,1.75,1.55,1.75,1.59,1.33,1.65,1.78,1.8,1.61,1.47,1.24
PERNO - CURRENT RATIO,FR0000120693(WC08106),1.76,1.96,1.49,1.95,1.76,1.47,1.7,1.44,1.47,1.77,2.09,1.79,2.08
IMERYS - CURRENT RATIO,FR0000120859(WC08106),1.12,1.73,1.81,1.58,1.85,2.11,2.51,1.56,1.63,1.28,2.16,1.59,1.64
BIC - CURRENT RATIO,FR0000120966(WC08106),3.72,3.42,3.5,3.63,3.71,3.13,3.69,3.71,2.97,3.1,2.71,2.54,2.39
LVMH - CURRENT RATIO,FR0000121014(WC08106),1.58,1.81,1.59,1.38,1.51,1.37,1.49,1.49,1.51,1.41,1.4,1.17,1.58
EURAZEO - CURRENT RATIO,FR0000121121(WC08106),NA,NA,NA,NA,NA,1.27,1.27,3.64,1.74,1.31,1.22,1.08,1.19
FAURECIA - CURRENT RATIO,FR0000121147(WC08106),0.67,0.66,0.72,0.79,0.84,0.79,0.74,0.79,0.96,0.94,0.92,0.92,0.99
WENDEL - CURRENT RATIO,FR0000121204(WC08106),1.63,1.74,1.47,1.36,1.51,1.2,1.41,1.42,1.53,1.65,1.55,1.9,1.86
SODEXO - CURRENT RATIO,FR0000121220(WC08106),0.8,0.95,0.95,0.94,0.94,0.87,1.03,1,0.96,1.01,0.96,0.97,0.98
CMPG.DES ETS.MICH. - CURRENT RATIO,FR0000121261(WC08106),1.57,1.85,1.99,1.84,1.87,1.92,1.82,1.91,1.69,1.83,1.66,1.57,1.83
THALES - CURRENT RATIO,FR0000121329(WC08106),0.91,0.96,0.92,0.93,0.93,1,1,0.99,1.06,1.07,1.16,0.87,1.01
KERING - CURRENT RATIO,FR0000121485(WC08106),0.81,0.9,1.07,0.96,1.25,1.08,0.91,1.05,1.15,1.27,1.05,0.93,1.34
ESSILORLUXOTTICA - CURRENT RATIO,FR0000121667(WC08106),1.65,1.78,1.38,1.26,1.51,1.49,1.07,1.15,0.94,1.18,1,1.91,2.22
SEB - CURRENT RATIO,FR0000121709(WC08106),1.19,1.54,1.67,1.51,1.81,1.9,1.7,1.69,1.17,1.54,1.47,1.51,1.33
#ERROR,,"$$ER: 4540,NO DATA VALUES FOUND",,,,,,,,,,,,
SCHNEIDER ELECTRIC - CURRENT RATIO,FR0000121972(WC08106),1.3,1.58,1.55,1.44,1.51,1.47,1.2,1.36,1.31,1.34,1.32,1.37,1.36
VEOLIA ENVIRON - CURRENT RATIO,FR0000124141(WC08106),1.04,1.15,1.13,1.12,1.18,1.19,0.97,0.95,0.97,1.05,0.93,0.9,0.86
PLASTIC OMNIUM - CURRENT RATIO,FR0000124570(WC08106),0.9,0.9,0.97,0.85,0.9,1.11,1.1,1.11,0.92,1.11,1.07,0.94,0.95
SAINT GOBAIN - CURRENT RATIO,FR0000125007(WC08106),1.18,1.25,1.27,1.24,1.31,1.39,1.35,1.39,1.33,1.34,1.31,1.35,1.45
CAPGEMINI - CURRENT RATIO,FR0000125338(WC08106),1.53,1.7,1.55,1.36,1.48,1.4,1.52,1.32,1.48,1.35,1.45,1.28,1.31
VINCI - CURRENT RATIO,FR0000125486(WC08106),0.84,0.88,0.89,0.91,0.87,0.83,0.89,0.83,0.84,0.88,0.92,0.9,0.96
CASINO GUICHAR - CURRENT RATIO,FR0000125585(WC08106),0.81,0.94,0.92,0.88,1.05,0.94,0.94,0.89,1.08,1.03,1.03,0.96,0.82
VIVENDI - CURRENT RATIO,FR0000127771(WC08106),0.8,0.64,0.69,0.71,0.69,0.92,2.25,1.51,1.28,0.92,1.11,0.78,0.63
LAGARDERE GROUPE - CURRENT RATIO,FR0000130213(WC08106),0.96,0.94,0.87,1,1,1.11,0.92,0.9,0.85,1.02,0.87,0.9,0.81
REMY COINTREAU - CURRENT RATIO,FR0000130395(WC08106),1.58,2.56,2.47,2.49,2.2,2.18,2.46,1.84,1.64,2.4,2.57,2.53,2.2
CHRISTIAN DIOR - CURRENT RATIO,FR0000130403(WC08106),1.45,1.7,1.45,1.33,1.32,1.4,1.25,1.5,1.48,1.79,1.7,1.19,1.57
EIFFAGE - CURRENT RATIO,FR0000130452(WC08106),0.95,0.87,0.8,0.95,0.9,0.86,1.02,0.95,1,1.05,0.99,0.94,1.04
PUBLICIS GROUPE - CURRENT RATIO,FR0000130577(WC08106),0.89,0.98,0.99,0.92,0.86,0.86,0.97,0.86,0.91,0.94,0.94,0.88,0.9
#ERROR,,"$$ER: 4540,NO DATA VALUES FOUND",,,,,,,,,,,,
#ERROR,,"$$ER: 4540,NO DATA VALUES FOUND",,,,,,,,,,,,
ERAMET - CURRENT RATIO,FR0000131757(WC08106),2.3,3.4,3.15,2.88,2.36,2.1,2,1.86,2.63,2.15,2.11,1.65,2.3
RENAULT - CURRENT RATIO,FR0000131906(WC08106),0.63,0.73,1.02,1.02,1.04,1.05,1.05,1.01,1,1.02,1.03,1.02,1.04
ORANGE - CURRENT RATIO,FR0000133308(WC08106),0.58,0.58,0.64,0.71,0.65,0.61,0.72,0.66,0.74,0.71,0.72,0.9,0.89
ORPEA - CURRENT RATIO,FR0000184798(WC08106),0.41,0.46,0.61,0.57,0.5,0.68,0.8,0.93,0.89,1.05,0.94,0.95,0.71
ILIAD - CURRENT RATIO,FR0004035913(WC08106),1.61,1.49,1.3,0.69,0.58,0.57,0.49,0.54,0.4,0.45,0.48,0.75,0.66
#ERROR,,"$$ER: 4540,NO DATA VALUES FOUND",,,,,,,,,,,,
AKKA TECHNOLOGIES - CURRENT RATIO,FR0004180537(WC08106),1.3,1.08,1.18,1.07,1.13,1.4,1.72,1.49,1.32,1.59,1.32,1.66,1.27
TARKETT - CURRENT RATIO,FR0004188670(WC08106),NA,1.51,1.54,1.38,1.18,1.68,1.73,1.66,1.72,1.78,1.85,1.4,1.34
BUREAU VERITAS - CURRENT RATIO,FR0006174348(WC08106),1.43,1.24,1.29,1.17,1.31,1.33,1.39,1.63,1.49,1.32,1.45,1.67,1.52
#ERROR,,"$$ER: 4540,NO DATA VALUES FOUND",,,,,,,,,,,,
NEXITY - CURRENT RATIO,FR0010112524(WC08106),1.3,1.34,1.31,1.25,1.27,1.37,1.4,1.35,1.35,1.29,1.29,1.3,1.43
ENGIE - CURRENT RATIO,FR0010208488(WC08106),1,1.12,1.15,1.13,1.07,1.07,1.07,1.12,1.03,1.06,1.07,1.05,1.11
ALSTOM - CURRENT RATIO,FR0010220475(WC08106),0.79,0.81,0.95,0.91,0.92,0.94,0.93,0.86,1.1,1.06,1.01,1.13,1.08
EUTELSAT COMMUNICATIONS - CURRENT RATIO,FR0010221234(WC08106),2.08,1.21,0.98,1.26,1.36,1.77,1.63,1.76,1.57,2.86,0.87,1.29,1.02
#ERROR,,"$$ER: 4540,NO DATA VALUES FOUND",,,,,,,,,,,,
EDF - CURRENT RATIO,FR0010242511(WC08106),1.02,1.03,1.28,1.34,1.17,1.2,1.26,1.3,1.32,1.37,1.38,1.3,1.27
IPSEN - CURRENT RATIO,FR0010259150(WC08106),2.18,2.12,1.92,1.71,1.39,1.6,1.64,1.75,1.87,1.08,1.24,0.93,1.3
LEGRAND - CURRENT RATIO,FR0010307819(WC08106),1.46,0.94,1.14,1.39,1.58,1.68,1.85,2.02,1.52,1.28,1.61,1.75,1.65
ARKEMA - CURRENT RATIO,FR0010313833(WC08106),1.45,1.39,2.13,1.75,1.92,2.13,2.77,2,1.46,2.36,2.45,1.98,2.57
INNATE PHARMA - CURRENT RATIO,FR0010331421(WC08106),4.07,6.07,5.51,3.42,2.67,5.32,7.36,4.19,3.01,1.86,1.62,1.95,3.81
ADP - CURRENT RATIO,FR0010340141(WC08106),0.96,0.95,1.08,1.21,1,1.26,2.05,2.3,2,1.69,1.22,1.11,1.44
KORIAN - CURRENT RATIO,FR0010386334(WC08106),0.87,0.71,0.6,0.54,0.68,0.5,0.64,0.92,0.62,0.72,0.72,0.47,0.72
#ERROR,,"$$ER: 4540,NO DATA VALUES FOUND",,,,,,,,,,,,
REXEL - CURRENT RATIO,FR0010451203(WC08106),1.74,1.63,1.53,1.45,1.34,1.7,1.67,1.41,1.39,1.61,1.4,1.34,1.59
GETLINK - CURRENT RATIO,FR0010533075(WC08106),1.87,2.58,2.47,2.24,1.63,1.82,2.03,1.99,2.11,2.03,2.28,2.04,2.41
SUEZ - CURRENT RATIO,FR0010613471(WC08106),0.77,0.91,0.89,0.87,0.91,0.84,0.87,0.87,0.89,0.97,0.93,0.95,0.97
#ERROR,,"$$ER: 4540,NO DATA VALUES FOUND",,,,,,,,,,,,
#ERROR,,"$$ER: 4540,NO DATA VALUES FOUND",,,,,,,,,,,,
EDENRED - CURRENT RATIO,FR0010908533(WC08106),0.89,0.91,0.96,0.95,0.91,0.87,0.82,0.78,0.79,0.83,0.9,0.86,0.94
ID LOGISTICS GROUP - CURRENT RATIO,FR0010929125(WC08106),NA,NA,NA,0.72,0.88,0.83,0.86,0.89,0.96,0.96,0.97,0.75,0.88
FNAC DARTY - CURRENT RATIO,FR0011476928(WC08106),NA,NA,0.8,0.58,0.86,0.98,1.05,1.03,0.92,0.93,0.96,0.9,0.91
GTT - CURRENT RATIO,FR0011726835(WC08106),NA,NA,3.61,1.92,1.6,1.54,1.48,1.55,2.03,2.09,1.97,1.89,3.07
ELIOR GROUP - CURRENT RATIO,FR0011950732(WC08106),NA,NA,NA,1.02,0.81,0.85,0.86,0.86,0.91,0.73,0.74,0.76,0.66
WORLDLINE - CURRENT RATIO,FR0011981968(WC08106),NA,NA,NA,NA,NA,NA,NA,NA,NA,NA,0.93,NA,NA
ELIS - CURRENT RATIO,FR0012435121(WC08106),NA,NA,NA,0.91,0.85,0.85,0.91,0.79,0.68,0.54,0.86,0.8,0.78
SPIE - CURRENT RATIO,FR0012757854(WC08106),NA,NA,0.89,0.8,0.8,0.88,0.69,0.9,0.91,0.88,0.92,0.91,0.95
EUROPCAR MOBILITY - CURRENT RATIO,FR0012789949(WC08106),NA,NA,NA,NA,1.12,1.12,1.06,1.11,1.19,1.16,1.2,1.1,1.01
MAISONS DU MONDE - CURRENT RATIO,FR0013153541(WC08106),NA,NA,NA,NA,NA,1.29,1.49,1.44,1.39,1.36,1.41,1.11,0.99
SARTORIUS STEDIM BIOTECH - CURRENT RATIO,FR0013154002(WC08106),1.66,1.55,1.22,1.31,0.98,1.67,1.2,1.29,1.52,1.4,1.45,1.48,1.54
VALEO - CURRENT RATIO,FR0013176526(WC08106),0.92,0.99,0.97,1.05,1.1,1.08,1.04,0.99,1.05,1.04,0.95,0.96,0.85
CGG - CURRENT RATIO,FR0013181864(WC08106),1.72,2.1,1.94,1.82,2.84,1.53,1.68,1.68,0.44,0.36,1.66,1.66,1.75
SMCP - CURRENT RATIO,FR0013214145(WC08106),NA,NA,NA,NA,NA,NA,0.99,1.1,1.31,0.9,0.98,1.28,1.36
SOITEC - CURRENT RATIO,FR0013227113(WC08106),2.55,3.56,4.07,3.7,3.69,1.52,1.02,0.94,0.9,1.67,1.88,2.13,2.57
#ERROR,,"$$ER: 4540,NO DATA VALUES FOUND",,,,,,,,,,,,
ALD - CURRENT RATIO,FR0013258662(WC08106),NA,NA,NA,NA,0.41,0.47,0.64,0.5,0.49,0.43,0.5,0.44,0.39
RUBIS - CURRENT RATIO,FR0013269123(WC08106),1.4,1.47,1.61,1.53,1.56,1.29,2.02,2.23,2.3,2.15,1.93,1.99,2.18
BIOMERIEUX - CURRENT RATIO,FR0013280286(WC08106),1.59,1.57,1.73,1.36,1.62,2.38,1.62,1.6,1.56,1.96,1.71,1.23,1.8
#ERROR,,"$$ER: 4540,NO DATA VALUES FOUND",,,,,,,,,,,,
VERALLIA - CURRENT RATIO,FR0013447729(WC08106),NA,NA,NA,NA,NA,NA,NA,NA,NA,NA,1.19,0.91,1.16
LA FRANCAISE DES JEUX - CURRENT RATIO,FR0013451333(WC08106),NA,NA,NA,NA,NA,NA,NA,NA,0.71,0.67,0.7,0.67,0.89
TECHNICOLOR - CURRENT RATIO,FR0013505062(WC08106),0.55,0.51,1.18,1.14,1.1,1.08,1.11,1.03,0.93,0.93,0.87,0.73,0.97
VALLOUREC - CURRENT RATIO,FR0013506730(WC08106),2.07,2.46,1.84,1.5,1.55,1.5,1.63,1.56,1.2,1.58,1.32,1.16,1.03
SOLOCAL GROUP - CURRENT RATIO,FR00140006O9(WC08106),0.7,0.69,0.69,0.69,0.6,0.56,0.63,0.6,0.26,0.71,0.46,0.34,0.49
EUROFINS SCIEN. - CURRENT RATIO,FR0014000MR3(WC08106),1.65,1.3,1.42,1.66,1.37,1.9,1.38,1.84,2.22,1.26,1.18,1.01,1.48
DASSAULT SYSTEMES - CURRENT RATIO,FR0014003TT8(WC08106),2.5,3.09,2.16,1.81,2.08,2.72,1.74,2.47,2.44,2.36,2.08,1.72,1.8
DASSAULT AVIATION - CURRENT RATIO,FR0014004L86(WC08106),0.96,0.87,0.74,0.85,0.63,0.97,0.96,0.84,0.83,0.89,1.13,1.12,1.14
JAZZTEL (OTC) - CURRENT RATIO,GB00B5TMSP21(WC08106),0.66,0.67,0.63,0.67,0.78,0.71,0.71,NA,NA,NA,NA,205.73,69.49
TORM A - CURRENT RATIO,GB00BZ3CNK81(WC08106),0.87,1.08,0.9,0.18,2.87,1.13,0.91,2.49,1.19,1.67,1.61,1.11,1.24
#ERROR,,"$$ER: 4540,NO DATA VALUES FOUND",,,,,,,,,,,,
#ERROR,,"$$ER: 4540,NO DATA VALUES FOUND",,,,,,,,,,,,
#ERROR,,"$$ER: 4540,NO DATA VALUES FOUND",,,,,,,,,,,,
INTRACOM HOLDINGS - CURRENT RATIO,GRS087003000(WC08106),1.02,0.98,0.92,0.88,0.89,0.7,1.39,1.27,1.21,1.24,1.17,1.14,1.18
GEK TERNA HLDG.RLST.CON. - CURRENT RATIO,GRS145003000(WC08106),NA,NA,NA,NA,NA,1.64,1.3,1.34,1.42,1.2,1.32,1.44,2.24
ELLAKTOR - CURRENT RATIO,GRS191213008(WC08106),1.7,1.8,1.69,1.61,1.51,1.76,1.61,1.46,1.37,1.41,1.49,1.62,1.73
GR SARANTIS - CURRENT RATIO,GRS204003008(WC08106),1.52,2.74,2.19,1.66,1.96,2.11,2.18,2.9,2.87,2.72,2.56,2.25,2.73
HELLENIC TELECOM.ORG. - CURRENT RATIO,GRS260333000(WC08106),1.08,1.22,0.62,0.92,0.78,1.04,1.02,0.97,1.12,0.87,0.88,0.82,0.66
HELLENIC PETROLEUM - CURRENT RATIO,GRS298343005(WC08106),1.47,1.18,1.14,0.95,0.68,0.78,0.8,0.79,0.91,0.81,1.21,1.16,1.07
#ERROR,,"$$ER: 4540,NO DATA VALUES FOUND",,,,,,,,,,,,
ATHENS WATER SUPP.SEWG. - CURRENT RATIO,GRS359353000(WC08106),1.49,1.34,1.35,1.53,1.66,2.86,6.98,6.16,4.88,10.39,9.57,11.07,3.07
MYTILINEOS - CURRENT RATIO,GRS393503008(WC08106),2.32,1.39,1.21,0.95,0.75,1.28,1.38,1.09,1.21,1.52,1.7,2.03,1.89
HELLENIC EXCHANGES HDG. - CURRENT RATIO,GRS395363005(WC08106),6.84,5.05,6.93,18.44,20.16,5.96,2.41,1.32,1.53,1.56,1.5,1.39,1.28
GREEK ORGANISATION OF - CURRENT RATIO,GRS419003009(WC08106),1.59,1.53,1.99,1.5,1.7,0.74,0.9,1.2,1.12,0.91,1.29,2.66,1.72
MOTOR OIL - CURRENT RATIO,GRS426003000(WC08106),0.79,0.67,0.72,0.91,0.95,1.14,1.14,1.99,2.16,1.93,1.98,1.76,1.54
PUBLIC POWER - CURRENT RATIO,GRS434003000(WC08106),0.67,0.84,1.22,0.83,0.78,0.7,1.27,1.06,1.25,1.07,0.8,0.76,0.86
PIRAEUS PORT AUTH.CR - CURRENT RATIO,GRS470003013(WC08106),1.56,1.08,2.44,2.56,3.26,3.51,4.11,3.89,3.27,2.7,2.03,3.22,4.18
AEGEAN AIRLINES CR - CURRENT RATIO,GRS495003006(WC08106),1.55,2.25,2.09,1.8,1.6,1.58,1.24,1.19,1.33,1.31,1.28,1.41,1.01
TERNA ENERGY - CURRENT RATIO,GRS496003005(WC08106),2.63,2.01,1.29,1.5,1.93,2.13,1.84,1.73,1.41,1.68,1.34,1.77,2.19
#ERROR,,"$$ER: 4540,NO DATA VALUES FOUND",,,,,,,,,,,,
MAGYAR TKOM.TELECOM. - CURRENT RATIO,HU0000073507(WC08106),0.91,1.05,0.81,0.86,0.92,0.63,0.6,0.6,0.7,0.83,0.68,0.78,0.82
MOL MAGYAR OLA - CURRENT RATIO,HU0000153937(WC08106),1.2,1.03,1.2,1.16,1.17,1.31,0.92,0.94,0.89,1.15,1.15,1.15,0.94
GLANBIA - CURRENT RATIO,IE0000669501(WC08106),1.46,1.8,1.97,1.82,1.66,1.65,1.81,1.73,1.62,2.01,1.87,1.23,1.2
CRH - CURRENT RATIO,IE0001827041(WC08106),1.5,1.89,1.74,1.7,1.84,1.82,2.26,1.48,1.59,1.62,1.56,1.61,2.01
GREENCORE GROUP - CURRENT RATIO,IE0003864109(WC08106),1,0.68,0.38,0.54,0.54,0.46,0.55,0.5,0.63,0.74,2.01,0.69,0.87
KERRY GROUP 'A' - CURRENT RATIO,IE0004906560(WC08106),1.28,1.1,1.04,1.29,1.09,1.21,1.12,1.25,1.32,1.3,1.38,1.33,1.53
KINGSPAN GROUP - CURRENT RATIO,IE0004927939(WC08106),1.53,1.32,1.55,1.68,1.65,1.84,1.47,1.43,1.56,1.65,1.59,1.66,2.21
ICON - CURRENT RATIO,IE0005711209(WC08106),1.59,1.79,2.32,1.77,1.61,1.7,1.52,1.51,1.94,1.95,2.18,1.44,1.87
SMURFIT KAPPA GROUP - CURRENT RATIO,IE00B1RR8406(WC08106),1.57,1.56,1.57,1.63,1.59,1.53,1.43,1.36,1.42,1.17,1.39,1.21,1.46
ORIGIN ENTERPRISES - CURRENT RATIO,IE00B1WV4493(WC08106),1.3,1.29,1.19,0.99,1.04,1.34,1.07,1.19,1.21,1.24,1.2,1.18,1.25
#ERROR,,"$$ER: 4540,NO DATA VALUES FOUND",,,,,,,,,,,,
GLENVEAGH PROPERTIES - CURRENT RATIO,IE00BD6JX574(WC08106),NA,NA,NA,NA,NA,NA,NA,NA,NA,64.76,25.87,9.48,6.8
KENMARE RESOURCES (DUB) - CURRENT RATIO,IE00BDC5DG00(WC08106),0.83,0.78,2.73,0.99,0.52,0.52,0.86,0.21,3.7,3.01,3.72,4.08,3.27
#ERROR,,"$$ER: 4540,NO DATA VALUES FOUND",,,,,,,,,,,,
#ERROR,,"$$ER: 4540,NO DATA VALUES FOUND",,,,,,,,,,,,
#ERROR,,"$$ER: 4540,NO DATA VALUES FOUND",,,,,,,,,,,,
FLUTTER ENTERTAINMENT - CURRENT RATIO,IE00BWT6H894(WC08106),1.39,1.03,1.33,1.01,1.13,1.17,1.34,0.82,0.99,1.12,0.64,0.41,0.74
RYANAIR HOLDINGS - CURRENT RATIO,IE00BYTBXV33(WC08106),1.53,1.84,1.98,1.89,2.14,1.97,1.51,1.72,1.43,1.56,1.23,0.93,0.82
BRIM - CURRENT RATIO,IS0000000297(WC08106),NA,0.57,1.44,2.09,1.58,1.07,0.88,1.9,1.05,1.2,0.9,2.44,1.15
MAREL - CURRENT RATIO,IS0000000388(WC08106),0.92,1.61,1.39,1.24,1.3,1.28,1.12,1.38,0.96,0.84,0.91,1.52,1.09
EIMSKIPAFELAG ISLAND - CURRENT RATIO,IS0000019800(WC08106),NA,1.55,1.76,1.9,1.65,1.53,1.79,1.7,1.66,1.5,1.42,1.66,1.4
FESTI - CURRENT RATIO,IS0000020584(WC08106),NA,1.19,0.5,2.64,2.62,3.14,2.4,1.79,1.59,1.96,1.11,1.19,1.1
#ERROR,,"$$ER: 4540,NO DATA VALUES FOUND",,,,,,,,,,,,
#ERROR,,"$$ER: 4540,NO DATA VALUES FOUND",,,,,,,,,,,,
#ERROR,,"$$ER: 4540,NO DATA VALUES FOUND",,,,,,,,,,,,
#ERROR,,"$$ER: 4540,NO DATA VALUES FOUND",,,,,,,,,,,,
COMPAGNIE INDUSTRIALI - CURRENT RATIO,IT0000070786(WC08106),1.68,1.74,1.41,1.3,1.25,0.77,1.56,1.61,1.43,1.28,1.14,1.32,1.43
#ERROR,,"$$ER: 4540,NO DATA VALUES FOUND",,,,,,,,,,,,
#ERROR,,"$$ER: 4540,NO DATA VALUES FOUND",,,,,,,,,,,,
DANIELI - CURRENT RATIO,IT0000076502(WC08106),1.13,1.15,1.22,1.27,1.27,1.25,1.29,1.4,1.43,1.33,1.48,1.44,1.37
SARAS - CURRENT RATIO,IT0000433307(WC08106),1.33,1.19,1.3,1.18,1.22,1.14,0.89,1.34,1.19,1.28,1.29,1.05,1.1
#ERROR,,"$$ER: 4540,NO DATA VALUES FOUND",,,,,,,,,,,,
#ERROR,,"$$ER: 4540,NO DATA VALUES FOUND",,,,,,,,,,,,
AEROP GUGL MARCO - CURRENT RATIO,IT0001006128(WC08106),NA,NA,NA,NA,0.84,0.61,0.68,1.64,1.18,1.06,0.9,0.85,1.27
SAES GETTERS - CURRENT RATIO,IT0001029492(WC08106),1.55,1.29,1.9,1.5,1.64,0.99,1.4,2.11,1.87,1.62,3.34,2.54,2.21
#ERROR,,"$$ER: 4540,NO DATA VALUES FOUND",,,,,,,,,,,,
#ERROR,,"$$ER: 4540,NO DATA VALUES FOUND",,,,,,,,,,,,
LA DORIA - CURRENT RATIO,IT0001055521(WC08106),1.33,1.39,1.56,1.39,1.36,1.56,1.62,1.79,1.9,1.85,1.69,1.48,1.5
INTERPUMP GROUP - CURRENT RATIO,IT0001078911(WC08106),1.46,1.11,1.53,1.56,1.88,1.81,1.87,2.24,2.19,1.77,1.77,1.99,2.31
AUTOGRILL - CURRENT RATIO,IT0001137345(WC08106),0.6,0.55,0.5,0.6,0.52,0.66,0.62,0.62,0.49,0.54,0.7,0.54,0.75
ERG - CURRENT RATIO,IT0001157020(WC08106),1.37,1.09,1.24,1.11,1.33,1.59,2.42,2.19,2.25,2.2,2.31,3.12,3
ACEA - CURRENT RATIO,IT0001207098(WC08106),1.05,0.91,1.27,1.02,0.92,1.06,1.46,1.21,1.21,1,1.06,0.93,0.94
A2A - CURRENT RATIO,IT0001233417(WC08106),1.07,1.18,1.21,1.22,1.3,1.35,1.45,1.13,1.21,1.21,1.09,1.18,1.31
HERA - CURRENT RATIO,IT0001250932(WC08106),0.98,1.18,1.25,1.17,1.13,1.35,1.21,1.11,1.14,1.09,1.03,1.07,1.13
BUZZI UNICEM - CURRENT RATIO,IT0001347308(WC08106),2.18,1.81,2.08,1.69,2.03,2.36,2.33,1.45,3.28,2.11,1.8,3.66,3.21
FINCANTIERI - CURRENT RATIO,IT0001415246(WC08106),NA,NA,NA,1.27,1.34,1.12,1.22,1.08,1.03,0.96,1.06,0.98,1.14
ARNOLDO MONDADORI EDI. - CURRENT RATIO,IT0001469383(WC08106),1.23,0.98,1.07,1.06,1.15,1.15,0.99,0.99,1.08,1.06,0.99,1.09,1.13
TOD'S - CURRENT RATIO,IT0003007728(WC08106),2.92,3.55,2.4,2.41,2.95,3.03,2.72,3.29,2.84,2.58,1.87,1.8,1.21
IREN - CURRENT RATIO,IT0003027817(WC08106),0.79,0.79,0.82,0.79,0.86,0.73,0.98,1.34,1.26,1.38,1,0.97,1.28
PIAGGIO - CURRENT RATIO,IT0003073266(WC08106),0.72,1.05,0.93,0.79,0.73,0.75,0.85,0.8,0.84,0.76,0.87,0.78,0.74
BIESSE - CURRENT RATIO,IT0003097257(WC08106),1.37,1.28,1.12,1.13,1.03,1.11,1.29,1.16,1.08,1.14,1.21,1.15,1.22
DE LONGHI - CURRENT RATIO,IT0003115950(WC08106),1.46,1.5,1.57,1.65,1.68,1.72,1.62,1.99,2.07,2.2,2.11,2.6,1.77
#ERROR,,"$$ER: 4540,NO DATA VALUES FOUND",,,,,,,,,,,,
ENEL - CURRENT RATIO,IT0003128367(WC08106),0.88,0.87,1.06,0.88,1.08,1.04,1.04,0.94,0.86,0.89,0.89,0.91,0.81
ENI - CURRENT RATIO,IT0003132476(WC08106),1.05,1.02,1,1.07,1.43,1.53,1.46,1.35,1.37,1.47,1.39,1.18,1.39
SNAM - CURRENT RATIO,IT0003153415(WC08106),0.39,0.38,0.31,0.3,1.04,0.63,0.64,0.5,0.42,0.61,0.61,0.72,0.64
#ERROR,,"$$ER: 4540,NO DATA VALUES FOUND",,,,,,,,,,,,
FALCK RENEWABLES - CURRENT RATIO,IT0003198790(WC08106),2.14,2.47,0.61,1.77,1.83,1.67,2.05,1.77,2.34,2.38,2.04,1.49,1.94
TERNA RETE ELETTRICA NAZ - CURRENT RATIO,IT0003242622(WC08106),1.15,0.99,0.89,1.26,1.67,1.14,0.9,0.67,0.76,0.91,0.74,0.99,0.95
#ERROR,,"$$ER: 4540,NO DATA VALUES FOUND",,,,,,,,,,,,
EDISON RSP - CURRENT RATIO,IT0003372205(WC08106),0.99,1.07,0.93,1.19,1.11,1.23,1.08,1.13,0.95,1.2,1.17,1.07,1.07
MARR - CURRENT RATIO,IT0003428445(WC08106),1.16,1.2,1.42,1.28,1.25,1.6,1.32,1.67,1.49,1.55,1.65,1.46,1.7
DIASORIN - CURRENT RATIO,IT0003492391(WC08106),2.23,2.73,2.94,3.34,2.53,4.09,4.76,6,3,3.41,3,4.33,4.46
TELECOM ITALIA - CURRENT RATIO,IT0003497168(WC08106),0.8,0.92,0.88,0.95,0.96,0.9,0.95,0.78,0.95,0.83,0.68,0.85,0.97
ATLANTIA - CURRENT RATIO,IT0003506190(WC08106),0.55,0.95,0.85,0.66,1.32,1.01,1.09,1.13,0.94,1.56,1.15,0.96,0.91
GEOX - CURRENT RATIO,IT0003697080(WC08106),2.14,2.52,2.4,2.5,1.99,1.56,1.64,1.69,1.73,1.75,1.58,1.31,1.33
POSTE ITALIANE - CURRENT RATIO,IT0003796171(WC08106),1.54,1.76,1.42,0.51,0.54,0.44,0.59,0.56,NA,NA,NA,NA,NA
RECORDATI INDUA.CHIMICA - CURRENT RATIO,IT0003828271(WC08106),1.32,1.67,1.99,1.73,1.34,1.17,1.93,2.17,1.77,2.06,1.43,1.38,1.34
LEONARDO - CURRENT RATIO,IT0003856405(WC08106),0.99,1.05,1.03,0.98,0.96,0.96,0.98,0.99,0.97,0.93,0.91,0.94,0.95
WEBUILD - CURRENT RATIO,IT0003865570(WC08106),1.13,1.17,1.31,1.2,1.59,1.61,1.3,1.34,1.34,1.23,1.25,1.36,1.29
DATALOGIC - CURRENT RATIO,IT0004053440(WC08106),1.28,0.96,1.54,1.65,1.14,1.57,1.12,1.45,1.55,1.98,1.87,1.73,1.55
AMPLIFON - CURRENT RATIO,IT0004056880(WC08106),1.09,1.02,1.03,1.06,0.85,1.5,1.57,1.4,1.36,0.59,0.85,0.67,1.25
ASCOPIAVE - CURRENT RATIO,IT0004093263(WC08106),0.94,0.85,0.88,0.89,0.92,0.99,0.97,0.95,1.02,1,0.99,0.73,0.57
ZIGNAGO VETRO - CURRENT RATIO,IT0004171440(WC08106),1.17,1.04,0.97,1,1.01,1.01,1.27,1.49,1.21,1.43,1.1,1.11,1.28
PRYSMIAN - CURRENT RATIO,IT0004176001(WC08106),1.5,1.68,1.71,1.03,1.24,1.17,1.05,1.12,1.19,1.28,1.29,1.22,1.26
GRUPPO MUTUIONLINE - CURRENT RATIO,IT0004195308(WC08106),4.83,5.27,4.32,3.31,4.03,2.34,2.82,1.99,2.39,1.89,1.43,1.62,1.01
CAIRO COMMUNICATION - CURRENT RATIO,IT0004329733(WC08106),1.49,1.46,1.51,1.42,1.43,2.15,2.02,1.92,0.81,0.85,0.79,0.76,0.77
TISCALI - CURRENT RATIO,IT0004513666(WC08106),0.27,0.74,0.58,0.47,0.37,0.19,0.25,0.23,0.22,0.18,0.5,0.45,0.2
SALVATORE FERRAGAMO - CURRENT RATIO,IT0004712375(WC08106),1.19,1.22,1.28,1.25,1.28,1.44,1.59,1.73,2.04,2.39,2.63,1.79,2.3
SESA - CURRENT RATIO,IT0004729759(WC08106),NA,NA,21.4,134.98,5.38,1.32,1.41,1.49,1.52,1.55,1.59,1.51,1.49
BRUNELLO CUCINELLI - CURRENT RATIO,IT0004764699(WC08106),NA,1.19,1.2,1.09,1.61,1.66,1.72,1.76,1.79,2.12,1.85,1.34,1.25
#ERROR,,"$$ER: 4540,NO DATA VALUES FOUND",,,,,,,,,,,,
#ERROR,,"$$ER: 4540,NO DATA VALUES FOUND",,,,,,,,,,,,
#ERROR,,"$$ER: 4540,NO DATA VALUES FOUND",,,,,,,,,,,,
MAIRE TECNIMONT - CURRENT RATIO,IT0004931058(WC08106),1.06,1.06,1.04,0.87,0.73,0.97,0.86,1.08,1.08,1.13,1.13,1.09,1.21
MONCLER - CURRENT RATIO,IT0004965148(WC08106),NA,NA,1.26,1.02,1.21,1.19,1.4,1.57,1.86,2.4,2.4,2.08,2.47
FILA - CURRENT RATIO,IT0004967292(WC08106),NA,NA,NA,NA,NA,NA,NA,1.6,1.86,1.73,2.85,2.32,2.19
#ERROR,,"$$ER: 4540,NO DATA VALUES FOUND",,,,,,,,,,,,
CERVED GROUP - CURRENT RATIO,IT0005010423(WC08106),NA,NA,NA,0.63,0.34,1.17,1.19,0.3,1.3,1.45,1.15,1.24,1.34
OVS SPA - CURRENT RATIO,IT0005043507(WC08106),NA,NA,NA,NA,NA,0.38,0.85,0.44,1.07,1.15,1.09,1.16,0.91
RAI WAY - CURRENT RATIO,IT0005054967(WC08106),NA,NA,1,0.87,0.77,2.1,1.4,1.58,1.44,1.38,1.19,1.09,0.78
INFRASTRUTTURE WIRELESS - CURRENT RATIO,IT0005090300(WC08106),NA,NA,NA,NA,NA,NA,NA,2.25,1.5,1.01,1.38,0.67,0.75
ORSERO - CURRENT RATIO,IT0005138703(WC08106),NA,NA,NA,NA,NA,NA,NA,NA,NA,1.45,1.52,1.23,1.24
TECHNOGYM - CURRENT RATIO,IT0005162406(WC08106),NA,NA,NA,NA,NA,0.66,0.74,1.04,0.91,1.1,1.19,1.27,1.57
ENAV - CURRENT RATIO,IT0005176406(WC08106),NA,NA,NA,NA,NA,1.43,1.5,1.44,1.47,1.93,2.43,2.42,1.54
ITALGAS - CURRENT RATIO,IT0005211237(WC08106),NA,NA,NA,NA,NA,NA,NA,NA,0.21,1.1,0.83,0.75,0.99
#ERROR,,"$$ER: 4540,NO DATA VALUES FOUND",,,,,,,,,,,,
#ERROR,,"$$ER: 4540,NO DATA VALUES FOUND",,,,,,,,,,,,
#ERROR,,"$$ER: 4540,NO DATA VALUES FOUND",,,,,,,,,,,,
AQUAFIL - CURRENT RATIO,IT0005241192(WC08106),NA,NA,NA,NA,0.81,0.86,0.88,1.11,2.04,1.77,2.02,2.03,2.34
#ERROR,,"$$ER: 4540,NO DATA VALUES FOUND",,,,,,,,,,,,
#ERROR,,"$$ER: E100,NO WORLDSCOPE DATA FOR THIS CODE",,,,,,,,,,,,
FRENI BREMBO - CURRENT RATIO,IT0005252728(WC08106),1.12,0.99,1.32,1.14,1.13,1.11,1.25,1.28,1.21,1.33,1.14,1.26,1.67
ITALMOBILIARE - CURRENT RATIO,IT0005253205(WC08106),1.56,1.57,1.42,1.29,1.28,1.34,1.26,1.31,3.86,4.37,2.8,4.54,3.32
PIRELLI & C - CURRENT RATIO,IT0005278236(WC08106),0.95,1.22,1.05,1.07,1.3,1.32,1.29,1.05,1.2,1.1,1.22,1.09,1.57
REPLY - CURRENT RATIO,IT0005282865(WC08106),1.84,1.87,1.64,1.63,1.64,1.64,1.68,1.79,1.69,1.65,1.52,1.58,1.49
#ERROR,,"$$ER: 4540,NO DATA VALUES FOUND",,,,,,,,,,,,
CAREL - CURRENT RATIO,IT0005331019(WC08106),NA,NA,NA,NA,NA,NA,NA,2.98,2.26,2.32,1.66,1.77,1.92
#ERROR,,"$$ER: 4540,NO DATA VALUES FOUND",,,,,,,,,,,,
#ERROR,,"$$ER: 4540,NO DATA VALUES FOUND",,,,,,,,,,,,
SALCEF GROUP - CURRENT RATIO,IT0005388266(WC08106),NA,NA,NA,NA,NA,NA,NA,1.53,1.4,1.5,1.51,2.06,1.62
#ERROR,,"$$ER: 4540,NO DATA VALUES FOUND",,,,,,,,,,,,
EL EN - CURRENT RATIO,IT0005453250(WC08106),3.26,3.64,3.04,2.67,2.52,2.14,2.21,2.07,2.49,2.34,2.31,2.06,1.95
#ERROR,,"$$ER: 4540,NO DATA VALUES FOUND",,,,,,,,,,,,
#ERROR,,"$$ER: E100,NO WORLDSCOPE DATA FOR THIS CODE",,,,,,,,,,,,
RTL GROUP - CURRENT RATIO,LU0061462528(WC08106),1.52,1.59,1.64,1.52,1.49,1.16,1.01,1.02,1.03,1.05,1.12,1.15,1.36
SUBSEA 7 - CURRENT RATIO,LU0075646355(WC08106),1.2,1.43,1.18,1.28,1.33,1.1,0.98,1.14,1.24,1.67,1.5,1.27,1.18
SES FDR (LUX) - CURRENT RATIO,LU0088087324(WC08106),0.59,0.56,0.34,0.41,0.35,0.75,1.23,1.18,1.29,0.68,1.07,1.08,1.16
TENARIS - CURRENT RATIO,LU0156801721(WC08106),1.91,2.85,2.5,2.66,2.47,3.27,2.84,3.27,2.81,2.6,3.18,3.18,3.68
CPI PROPERTY GROUP - CURRENT RATIO,LU0251710041(WC08106),0.96,0.74,1.09,0.38,0.97,NA,NA,NA,NA,NA,NA,NA,NA
KERNEL HOLDING - CURRENT RATIO,LU0327357389(WC08106),2.04,1.94,1.7,2.05,2.5,1.56,1.46,1.44,1.93,3.81,2.53,2.62,3.71
APERAM - CURRENT RATIO,LU0569974404(WC08106),1.2,1.28,1.23,1.18,1.12,1.3,1.45,1.39,1.34,1.64,1.54,1.67,1.7
#ERROR,,"$$ER: 4540,NO DATA VALUES FOUND",,,,,,,,,,,,
EDREAMS ODIGEO - CURRENT RATIO,LU1048328220(WC08106),NA,NA,NA,NA,0.62,0.67,0.61,0.58,0.59,0.56,0.61,0.6,0.67
STABILUS - CURRENT RATIO,LU1066226637(WC08106),NA,NA,NA,NA,2.05,1.82,1.87,1.58,1.75,1.73,2.3,2.29,2.15
ARCELORMITTAL - CURRENT RATIO,LU1598757687(WC08106),1.44,1.39,1.39,1.49,1.33,1.35,1.33,1.24,1.23,1.25,1.38,1.34,1.23
#ERROR,,"$$ER: 4540,NO DATA VALUES FOUND",,,,,,,,,,,,
BEFESA - CURRENT RATIO,LU1704650164(WC08106),NA,NA,NA,NA,NA,NA,1.83,1.61,1.14,1.09,2.1,1.99,1.81
#ERROR,,"$$ER: 4540,NO DATA VALUES FOUND",,,,,,,,,,,,
GLOBAL FASHION GROUP - CURRENT RATIO,LU2010095458(WC08106),NA,NA,NA,NA,NA,NA,NA,NA,1.91,1.85,1.31,1.43,1.57
ALLEGRO - CURRENT RATIO,LU2237380790(WC08106),NA,NA,NA,NA,NA,NA,NA,NA,NA,1.74,2.4,1.05,2.19
INPOST - CURRENT RATIO,LU2290522684(WC08106),NA,NA,NA,NA,NA,NA,NA,NA,NA,0.93,0.81,0.91,0.88
HEINEKEN HOLDING - CURRENT RATIO,NL0000008977(WC08106),0.94,0.78,0.77,0.76,0.71,0.69,0.71,0.69,0.78,0.79,0.87,0.68,0.83
KPN KON - CURRENT RATIO,NL0000009082(WC08106),0.65,0.87,0.51,0.46,0.51,0.98,0.9,0.99,0.81,1.64,0.9,0.72,0.73
HEINEKEN - CURRENT RATIO,NL0000009165(WC08106),0.94,0.78,0.77,0.76,0.71,0.69,0.71,0.69,0.78,0.79,0.87,0.68,0.83
PHILIPS ELTN.KONINKLIJKE - CURRENT RATIO,NL0000009538(WC08106),1.44,1.48,1.36,1.34,1.26,1.35,1.34,1.26,1.34,1.47,1.21,1.36,1.45
DSM KONINKLIJKE - CURRENT RATIO,NL0000009827(WC08106),1.51,2.15,2.51,2.24,1.53,1.48,1.21,1.62,1.59,2.44,2.45,2.42,2.4
STMICROELECTRONICS - CURRENT RATIO,NL0000226223(WC08106),2.48,2.78,2.11,2.17,2.15,2.34,2.8,2.94,2.76,2.51,2.75,2.02,2.04
AIRBUS - CURRENT RATIO,NL0000235190(WC08106),1.1,1,0.96,0.91,0.93,0.97,0.99,0.96,0.99,1.07,0.97,0.91,1.17
VASTNED RETAIL - CURRENT RATIO,NL0000288918(WC08106),NA,NA,NA,NA,NA,0.65,NA,NA,NA,NA,NA,NA,NA
#ERROR,,"$$ER: 4540,NO DATA VALUES FOUND",,,,,,,,,,,,
#ERROR,,"$$ER: 4540,NO DATA VALUES FOUND",,,,,,,,,,,,
ASM INTERNATIONAL - CURRENT RATIO,NL0000334118(WC08106),2.98,2.83,2.2,2.62,2.65,5.1,4.6,5.82,5.52,7.68,3.5,2.95,2.79
BAM GROEP KON. - CURRENT RATIO,NL0000337319(WC08106),1.28,1.21,1.23,1.39,1.1,1.1,1.05,1.05,1.03,1.02,1.01,0.95,1.07
SBM OFFSHORE - CURRENT RATIO,NL0000360618(WC08106),0.79,0.91,1.32,0.86,1.17,1.67,1.7,2.44,1.12,1.23,1.28,1.37,1.49
RANDSTAD - CURRENT RATIO,NL0000379121(WC08106),1.57,1.24,1.25,1.28,0.79,1.09,1.11,1.17,1.15,1.1,1.11,1.01,1.17
WOLTERS KLUWER - CURRENT RATIO,NL0000395903(WC08106),0.58,0.63,0.67,0.63,1.02,0.69,0.8,0.83,0.77,0.76,0.68,0.65,0.69
TKH GROUP - CURRENT RATIO,NL0000852523(WC08106),1.53,1.29,1.29,1.63,1.48,1.81,1.89,1.51,1.58,1.46,1.25,1.54,1.52
KENDRION - CURRENT RATIO,NL0000852531(WC08106),1.14,1.69,1.45,1.6,1.87,1.12,1.75,1.63,1.64,1.43,1.51,1.51,1.45
AALBERTS - CURRENT RATIO,NL0000852564(WC08106),1.2,1.17,1.19,1.15,1.1,1.05,1.24,1.36,1.26,1.31,1.35,1.3,1.15
BOSKALIS WESTMINSTER - CURRENT RATIO,NL0000852580(WC08106),0.83,1.02,0.81,0.84,0.81,1,0.87,1.08,0.9,0.83,1.08,0.93,0.98
AMG ADVD.METALLURGICAL - CURRENT RATIO,NL0000888691(WC08106),1.41,1.82,1.78,1.74,1.9,1.72,1.57,1.64,1.68,1.73,2.1,1.68,1.57
ARCADIS - CURRENT RATIO,NL0006237562(WC08106),1.33,1.46,1.34,1.39,1.21,1.41,1.28,1.52,1.52,1.31,1.19,1.17,1.33
#ERROR,,"$$ER: 4540,NO DATA VALUES FOUND",,,,,,,,,,,,
KONINKLIJKE VOPAK - CURRENT RATIO,NL0009432491(WC08106),0.73,1.04,0.74,0.73,1.5,0.98,0.81,1.11,1.07,0.82,0.69,0.61,0.46
POSTNL - CURRENT RATIO,NL0009739416(WC08106),0.92,0.99,0.5,0.94,0.84,0.94,0.81,0.87,0.9,1.03,0.92,1.08,1.28
ACCELL GROUP - CURRENT RATIO,NL0009767532(WC08106),2.06,2.16,2.07,2.02,1.32,1.89,1.71,1.54,1.54,1.81,1.74,1.41,2.2
ASML HOLDING - CURRENT RATIO,NL0010273215(WC08106),2.95,2.63,2.29,2.56,2.8,2.45,2.4,2.42,2.59,2.7,2.75,2.55,2.39
CNH INDUSTRIAL - CURRENT RATIO,NL0010545661(WC08106),NA,NA,NA,3.4,3.58,1.79,1.77,1.75,1.62,1.52,1.56,1.61,1.55
OCI - CURRENT RATIO,NL0010558797(WC08106),NA,1.52,1.33,1.42,0.91,1.33,1.4,0.51,0.85,0.46,0.92,0.99,1.13
CORBION - CURRENT RATIO,NL0010583399(WC08106),1.93,1.73,1.72,1.69,2.55,2.29,1.61,2.4,2.13,1.66,1.34,1.07,1.65
#ERROR,,"$$ER: 4540,NO DATA VALUES FOUND",,,,,,,,,,,,
IMCD GROUP - CURRENT RATIO,NL0010801007(WC08106),NA,NA,NA,1.63,1,1.64,2.07,1.7,1.8,1.41,1.48,1.41,1.41
GRANDVISION - CURRENT RATIO,NL0010937066(WC08106),NA,NA,NA,0.96,1,0.97,0.99,0.74,0.65,0.64,0.66,0.53,0.53
#ERROR,,"$$ER: 4540,NO DATA VALUES FOUND",,,,,,,,,,,,
#ERROR,,"$$ER: 4540,NO DATA VALUES FOUND",,,,,,,,,,,,
FERRARI - CURRENT RATIO,NL0011585146(WC08106),NA,NA,NA,NA,NA,1.69,1.65,0.95,1.13,1.37,1.59,1.39,1.36
KONINKLIJKE AHOLD - CURRENT RATIO,NL0011794037(WC08106),1.28,1.27,1.27,1.13,1,1.51,1,1.05,0.96,0.97,0.88,0.76,0.7
#ERROR,,"$$ER: 4540,NO DATA VALUES FOUND",,,,,,,,,,,,
SIGNIFY - CURRENT RATIO,NL0011821392(WC08106),NA,NA,NA,NA,NA,1.31,1.41,1.27,1.55,1.52,1.51,1.47,1.49
FORFARMERS - CURRENT RATIO,NL0011832811(WC08106),NA,NA,NA,NA,NA,2.29,2.07,2.13,2.05,1.69,1.39,1.18,1.21
#ERROR,,"$$ER: 4540,NO DATA VALUES FOUND",,,,,,,,,,,,
SHOP APOTHEKE EUROPE - CURRENT RATIO,NL0012044747(WC08106),NA,NA,NA,NA,NA,NA,NA,1.7,4.59,2.3,2.55,3.53,3.41
EXOR ORD - CURRENT RATIO,NL0012059018(WC08106),2.41,2.32,1.47,1.52,1.56,1.99,1.95,1.88,1.21,1.18,1.28,1.33,1.45
QIAGEN - CURRENT RATIO,NL0012169213(WC08106),2.68,3.55,3.51,1.55,3.72,2.73,2.66,3.58,3.36,5.07,2.22,1.65,2.71
#ERROR,,"$$ER: 4540,NO DATA VALUES FOUND",,,,,,,,,,,,
RHI MAGNESITA - CURRENT RATIO,NL0012650360(WC08106),1.37,1.31,1.41,1.44,1.54,1.65,1.78,2.03,1.8,1.66,1.48,1.85,1.76
ALFEN - CURRENT RATIO,NL0012817175(WC08106),NA,NA,NA,NA,NA,NA,NA,1.12,1.07,1.03,0.98,1,2.02
BE SEMICONDUCTOR - CURRENT RATIO,NL0012866412(WC08106),2.88,2.37,2.49,3.06,2.94,3.66,3.36,4.44,4.72,5.21,5.98,6.35,7.44
ADYEN - CURRENT RATIO,NL0012969182(WC08106),NA,NA,NA,NA,NA,NA,1.32,1.33,1.26,1.46,1.34,1.39,1.37
AKZO NOBEL - CURRENT RATIO,NL0013267909(WC08106),1.12,1.37,1.41,1.37,1.39,1.26,1.25,1.24,1.39,1.43,3.16,1.58,1.64
PROSUS - CURRENT RATIO,NL0013654783(WC08106),NA,NA,NA,NA,NA,NA,NA,NA,NA,1.77,4.16,6.32,4.24
CEMENTIR HOLDING - CURRENT RATIO,NL0013995087(WC08106),0.85,1.02,0.97,0.82,0.92,1.13,1.22,1.32,1.75,1.6,1.85,1.94,1.1
JDE PEET S - CURRENT RATIO,NL0014332678(WC08106),NA,NA,NA,NA,NA,NA,NA,NA,NA,0.85,0.68,0.64,0.55
STELLANTIS - CURRENT RATIO,NL00150001Q9(WC08106),1.05,1.25,1.37,1.17,1.17,1.17,1.14,1.15,0.8,0.77,0.82,0.81,1.03
#ERROR,,"$$ER: 4540,NO DATA VALUES FOUND",,,,,,,,,,,,
DAVIDE CAMPARI MILANO - CURRENT RATIO,NL0015435975(WC08106),1.68,1.97,2.28,1.95,2.51,2.59,2.13,2.06,2.31,3,2.35,1.49,2.06
SCHIBSTED A - CURRENT RATIO,NO0003028904(WC08106),0.67,1.01,0.73,0.74,0.72,0.83,0.68,0.89,0.71,0.83,0.83,1.11,1.47
KONGSBERG AUTV.HOLDING - CURRENT RATIO,NO0003033102(WC08106),1.42,2.05,1.7,1.47,1.56,1.57,1.59,1.76,1.6,1.55,1.71,1.66,1.75
KONGSBERG GRUPPEN - CURRENT RATIO,NO0003043309(WC08106),0.97,1.18,1.27,1.23,1.5,1.41,1.3,1.26,1.39,1.47,2.06,1.24,1.24
#ERROR,,"$$ER: 4540,NO DATA VALUES FOUND",,,,,,,,,,,,
MOWI - CURRENT RATIO,NO0003054108(WC08106),1.72,3.3,3.63,3.4,2.92,3.15,3.22,3.34,3.03,2.7,3.7,3.39,3.4
NORDIC SEMICONDUCTOR - CURRENT RATIO,NO0003055501(WC08106),4.41,3.3,2.64,2.95,4.22,3.77,3.42,2.7,3.49,3.43,4.53,3.33,4.37
HEXAGON COMPOSITES - CURRENT RATIO,NO0003067902(WC08106),1.3,2.04,1.44,1.93,1.72,2.46,2.16,2.2,1.8,1.68,1.48,1.76,3.23
AF GRUPPEN 'A' - CURRENT RATIO,NO0003078107(WC08106),1.02,0.96,1.21,1,0.95,0.91,0.72,0.63,0.68,0.74,0.73,0.61,0.64
TGS - CURRENT RATIO,NO0003078800(WC08106),2.09,2.64,2.9,2.9,2.14,2.14,1.98,2.16,2.08,2.69,1.93,1.23,0.86
KITRON - CURRENT RATIO,NO0003079709(WC08106),1.29,1.42,1.34,1.35,1.47,1.41,1.31,1.45,1.44,1.47,1.32,1.33,1.34
LEROY SEAFOOD GROUP - CURRENT RATIO,NO0003096208(WC08106),1.94,2.31,2.97,2.52,2.51,2.74,3.12,2.54,2.9,2.98,2.99,2.81,2.68
ODFJELL A - CURRENT RATIO,NO0003399909(WC08106),1.11,1.39,0.85,1.27,1.12,1.18,0.53,1.3,1.03,0.99,0.91,0.76,0.66
ARENDALS FOSSEKOMPANI - CURRENT RATIO,NO0003572802(WC08106),2.98,4.51,4.23,4.29,3.46,3.15,2.04,1.89,2.15,3.36,2.14,2.17,1.88
NRC GROUP - CURRENT RATIO,NO0003679102(WC08106),1.8,2.16,0.72,1.1,1.08,1.38,1.81,1.41,1.74,1.47,1.22,0.97,1.22
ORKLA - CURRENT RATIO,NO0003733800(WC08106),2.14,3.18,3.12,2.24,2.44,1.41,1.97,1.72,1.26,1.96,1.64,1.48,1.57
DNO - CURRENT RATIO,NO0003921009(WC08106),0.61,2.66,1.5,1.64,2.34,2.84,1.73,3.66,11.23,4.14,6.84,1.86,2.77
ATEA - CURRENT RATIO,NO0004822503(WC08106),0.96,0.97,0.97,1.04,1.01,1.04,0.97,0.94,0.93,0.87,0.89,0.86,0.87
NORSK HYDRO - CURRENT RATIO,NO0005052605(WC08106),1.72,1.85,2.32,1.8,1.72,1.63,1.88,2.08,2.13,1.64,1.57,1.81,2.07
TOMRA SYSTEMS - CURRENT RATIO,NO0005668905(WC08106),2.07,1.86,1.41,1.52,1.85,1.39,2.08,1.89,1.86,1.8,1.36,1.78,1.68
VEIDEKKE - CURRENT RATIO,NO0005806802(WC08106),1.01,0.9,0.94,1.13,1.14,0.98,1,1,0.96,0.95,0.99,0.62,0.95
#ERROR,,"$$ER: 4540,NO DATA VALUES FOUND",,,,,,,,,,,,
#ERROR,,"$$ER: 4540,NO DATA VALUES FOUND",,,,,,,,,,,,
TELENOR - CURRENT RATIO,NO0010063308(WC08106),0.67,0.79,0.75,0.72,0.68,0.79,0.79,0.65,0.68,0.7,0.66,0.64,0.83
AUSTEVOLL SEAFOOD - CURRENT RATIO,NO0010073489(WC08106),1.81,2.14,2.67,2.25,2.38,2.9,2.57,2.61,2.64,2.63,3.04,2.76,2.49
NEL - CURRENT RATIO,NO0010081235(WC08106),4.72,4.84,7.76,8.03,2.76,2.27,6.35,7.77,4.58,2.73,3.36,2.91,10.66
EQUINOR - CURRENT RATIO,NO0010096985(WC08106),0.91,1.04,1.09,1.16,1.12,1.43,1.42,1.83,1.48,1.36,1.57,1.27,1.58
REC SILICON - CURRENT RATIO,NO0010112675(WC08106),1.05,1.65,2.21,2.51,3.79,1.26,3.92,2.62,2.87,0.85,1.39,0.98,3.49
NORWEGIAN AIR SHUTTLE - CURRENT RATIO,NO0010196140(WC08106),0.95,0.99,0.83,0.63,0.6,0.74,0.45,0.48,0.43,0.56,0.43,0.61,0.7
PGS - CURRENT RATIO,NO0010199151(WC08106),1.24,1.8,2.36,1.64,2.27,1.95,1.6,1.58,1.55,1.22,0.86,0.52,0.27
YARA INTERNATIONAL - CURRENT RATIO,NO0010208051(WC08106),1.94,1.55,1.85,2.47,2.3,1.7,1.78,1.84,1.92,1.82,1.47,1.44,1.78
AKASTOR - CURRENT RATIO,NO0010215684(WC08106),1.17,1.12,1.2,1.22,1.14,1.17,1.37,0.92,1,1.42,1.23,1.3,0.87
AKER - CURRENT RATIO,NO0010234552(WC08106),1.04,1.17,1.35,2.44,1.84,2.03,1.12,1.05,1.15,1.25,1.1,1.3,1.23
SALMAR - CURRENT RATIO,NO0010310956(WC08106),2.88,2.99,3.35,2.02,2.08,4.24,3.05,2.89,2.29,1.94,2.02,2.31,1.67
NORWAY ROYAL SALMON - CURRENT RATIO,NO0010331838(WC08106),1.54,1.33,1.66,1.51,1.54,1.94,1.94,2.34,2.19,1.76,2.35,2.87,1.9
AKER BP - CURRENT RATIO,NO0010345853(WC08106),5.9,2.14,1.47,2.76,1.71,2.01,1.07,1.23,1.33,0.88,0.5,0.42,1.21
GRIEG SEAFOOD - CURRENT RATIO,NO0010365521(WC08106),0.82,1.95,2.95,1.59,1.81,2.24,2.3,2.34,2.5,2.44,2.58,2.72,3.4
WALLENIUS WILHELMSEN - CURRENT RATIO,NO0010571680(WC08106),1.05,2.29,2.16,1.44,3.17,1.9,2.74,1.31,1.5,1.02,1.09,1.02,1.13
#ERROR,,"$$ER: 4540,NO DATA VALUES FOUND",,,,,,,,,,,,
KVAERNER - CURRENT RATIO,NO0010605371(WC08106),1.05,1.27,1.2,1.3,1.19,1.22,1.22,1.35,1.46,1.96,1.91,1.82,NA
#ERROR,,"$$ER: 4540,NO DATA VALUES FOUND",,,,,,,,,,,,
#ERROR,,"$$ER: 4540,NO DATA VALUES FOUND",,,,,,,,,,,,
OCEAN YIELD - CURRENT RATIO,NO0010657448(WC08106),NA,NA,0.85,0.96,0.93,0.97,0.47,0.63,0.65,1.11,0.55,1.24,0.68
BORREGAARD - CURRENT RATIO,NO0010657505(WC08106),NA,3.25,3.35,2.9,2.36,2.02,1.81,1.87,1.62,1.43,1.53,1.32,1.38
SCATEC - CURRENT RATIO,NO0010715139(WC08106),NA,NA,NA,NA,0.99,1.82,3.19,2.99,2.91,3.91,2.47,1.63,2.6
#ERROR,,"$$ER: 4540,NO DATA VALUES FOUND",,,,,,,,,,,,
AKER SOLUTIONS - CURRENT RATIO,NO0010716582(WC08106),NA,NA,NA,1.33,1.25,1.23,1.04,1.01,0.91,1.06,1.06,1.2,1.21
XXL - CURRENT RATIO,NO0010716863(WC08106),NA,NA,1.7,1.61,1.74,1.61,1.97,1.78,1.53,1.41,1.33,1.1,1.17
MULTICONSULT - CURRENT RATIO,NO0010734338(WC08106),NA,NA,NA,NA,1.34,1.34,NA,1.27,1.28,1.2,1.15,0.87,1.07
EUROPRIS - CURRENT RATIO,NO0010735343(WC08106),NA,NA,NA,NA,1.81,1.6,1.62,2.17,2.1,2.05,1.8,0.72,1.11
#ERROR,,"$$ER: 4540,NO DATA VALUES FOUND",,,,,,,,,,,,
KID - CURRENT RATIO,NO0010743545(WC08106),NA,NA,NA,2.27,1.46,1.12,1.36,2.56,2.46,1.89,2.1,0.95,0.91
#ERROR,,"$$ER: 4540,NO DATA VALUES FOUND",,,,,,,,,,,,
ELMERA GROUP - CURRENT RATIO,NO0010815673(WC08106),NA,NA,NA,NA,NA,NA,NA,NA,1.45,1.43,1.28,1.4,1.19
ELKEM - CURRENT RATIO,NO0010816093(WC08106),NA,NA,NA,NA,NA,NA,0.87,2.04,2.4,1.98,1.89,2.04,1.36
ADEVINTA - CURRENT RATIO,NO0010844038(WC08106),NA,NA,NA,NA,NA,NA,NA,NA,1.35,1.32,1.5,1.04,1.96
NORSKE SKOG - CURRENT RATIO,NO0010861115(WC08106),NA,NA,NA,NA,NA,NA,NA,1.32,1.4,0.45,1.29,1.85,1.79
PROSAFE - CURRENT RATIO,NO0010861990(WC08106),2.08,1.84,1.87,2.16,1.3,2.55,1.35,0.49,1.94,4.52,1.49,0.16,0.12
SATS - CURRENT RATIO,NO0010863285(WC08106),NA,NA,NA,NA,NA,NA,NA,0.5,0.43,0.61,0.78,0.34,0.5
AKER BIOMARINE - CURRENT RATIO,NO0010886625(WC08106),NA,NA,NA,NA,NA,NA,NA,2.36,1.59,1.52,1.5,1.83,3.15
AKER CARBON CAPTURE - CURRENT RATIO,NO0010890304(WC08106),NA,NA,NA,NA,NA,NA,NA,NA,NA,NA,NA,NA,22.68
#ERROR,,"$$ER: 4540,NO DATA VALUES FOUND",,,,,,,,,,,,
#ERROR,,"$$ER: 4540,NO DATA VALUES FOUND",,,,,,,,,,,,
#ERROR,,"$$ER: 4540,NO DATA VALUES FOUND",,,,,,,,,,,,
BORYSZEW - CURRENT RATIO,PLBRSZW00011(WC08106),0.82,0.98,1.19,1.22,1.18,1.11,1.18,1.04,1.09,1.2,1.27,1.12,1.22
#ERROR,,"$$ER: 4540,NO DATA VALUES FOUND",,,,,,,,,,,,
BUDIMEX - CURRENT RATIO,PLBUDMX00013(WC08106),1.29,1.21,1.1,1.06,1.1,1.14,1.09,1.06,1.1,1.13,1.14,1.09,1.15
#ERROR,,"$$ER: 4540,NO DATA VALUES FOUND",,,,,,,,,,,,
CCC - CURRENT RATIO,PLCCC0000016(WC08106),1.69,2.63,2.72,2.28,1.82,2.06,1.68,1.88,1.79,2.4,1.08,0.99,NA
CIECH - CURRENT RATIO,PLCIECH00018(WC08106),0.68,0.64,0.7,0.67,1.11,1.31,0.96,1.37,1.24,1.32,1.03,1.17,0.46
ENEA - CURRENT RATIO,PLENEA000013(WC08106),2.67,2.82,2.8,2.19,1.82,1.74,2.03,1.99,1.73,1.47,1.44,1.39,1.2
ENERGA - CURRENT RATIO,PLENERG00022(WC08106),NA,1.29,1.75,1.78,1.76,1.76,2.11,2.05,1.69,2.34,1.93,0.98,0.84
EUROCASH - CURRENT RATIO,PLEURCH00011(WC08106),0.92,0.96,0.97,0.8,0.8,0.77,0.76,0.76,0.79,0.71,0.61,0.55,0.6
FAMUR - CURRENT RATIO,PLFAMUR00012(WC08106),1.69,3.4,1.67,1.56,1.91,2.84,1.31,1.79,1.82,2.11,2.47,2.28,5.21
#ERROR,,"$$ER: 4540,NO DATA VALUES FOUND",,,,,,,,,,,,
JASTRZEBSKA SPOLKA - CURRENT RATIO,PLJSW0000015(WC08106),1.04,0.95,1.53,1.89,1.74,1.43,0.55,0.37,1.02,1.57,0.95,0.96,0.95
KGHM - CURRENT RATIO,PLKGHM000017(WC08106),2.7,2.21,2.58,4.24,2.06,1.7,1.23,1.02,1.06,1.39,1.34,1.28,1.1
KRUK - CURRENT RATIO,PLKRK0000010(WC08106),2.42,2.23,2.78,3.49,3.86,NA,NA,NA,NA,NA,NA,NA,NA
GRUPA LOTOS - CURRENT RATIO,PLLOTOS00025(WC08106),1.89,1.89,1.33,1.31,1.53,1.53,1.37,1.24,1.33,1.41,1.49,1.61,1.37
LPP - CURRENT RATIO,PLLPP0000011(WC08106),1.22,1.89,1.74,1.41,1.73,1.57,1.31,1.33,1.44,1.49,1.36,NA,1.17
PBG - CURRENT RATIO,PLPBG0000029(WC08106),1.45,1.64,1.63,1.19,0.61,0.63,0.48,0.54,1.24,1.44,1.24,0.22,0.03
PKA.GRUPA ENERGETYCZNA - CURRENT RATIO,PLPGER000010(WC08106),0.87,2.14,1.11,1.38,1.46,1.67,1.93,1.54,1.74,1.06,0.72,1.07,1
POLISH OIL AND GAS - CURRENT RATIO,PLPGNIG00014(WC08106),1.44,1.09,1.18,0.96,1.13,1.39,1.76,2.04,1.3,1.56,1.53,1.42,2.35
PLKNC.NAFTOWY ORLEN - CURRENT RATIO,PLPKN0000018(WC08106),0.81,1.37,1.28,1.52,1.71,1.54,1.55,1.52,1.52,1.77,1.79,1.75,1.07
#ERROR,,"$$ER: 4540,NO DATA VALUES FOUND",,,,,,,,,,,,
PKP CARGO - CURRENT RATIO,PLPKPCR00011(WC08106),NA,1.04,1.16,1.32,1.53,1.59,1.28,0.97,1.32,1.4,1.2,1.02,0.83
#ERROR,,"$$ER: 4540,NO DATA VALUES FOUND",,,,,,,,,,,,
ASSECO POLAND - CURRENT RATIO,PLSOFTB00016(WC08106),1.28,1.39,1.71,1.79,1.87,1.76,2,1.79,1.74,1.69,1.6,1.49,1.51
STALPRODUKT - CURRENT RATIO,PLSTLPD00017(WC08106),2.48,2.76,2.33,2.59,1.97,1.82,1.8,2.13,1.6,1.98,2.43,2.74,2.52
TAURON POLSKA ENERGIA - CURRENT RATIO,PLTAURN00011(WC08106),0.84,0.94,1.08,1.06,1.07,0.9,1.33,0.53,0.9,0.95,0.63,0.87,1.05
ORANGE POLSKA - CURRENT RATIO,PLTLKPL00017(WC08106),0.62,0.8,0.58,0.63,0.34,0.28,0.44,0.45,0.58,0.54,0.67,0.85,0.44
NEUCA - CURRENT RATIO,PLTRFRM00018(WC08106),0.99,0.9,1.03,1,1.01,1.09,1.09,1.05,1.02,0.99,0.96,0.92,0.95
GRUPA AZOTY - CURRENT RATIO,PLZATRM00012(WC08106),2.5,2.21,1.05,1.42,1.49,1.46,1.4,1.91,1.84,1.87,1.3,1.37,1.11
ALTRI SGPS - CURRENT RATIO,PTALT0AE0002(WC08106),0.75,0.77,0.79,0.64,0.85,1,0.82,1.69,1.64,1.4,1.36,1.45,1.33
#ERROR,,"$$ER: 4540,NO DATA VALUES FOUND",,,,,,,,,,,,
#ERROR,,"$$ER: 4540,NO DATA VALUES FOUND",,,,,,,,,,,,
CORTICEIRA AMORIM - CURRENT RATIO,PTCOR0AE0006(WC08106),1.82,1.8,1.38,1.75,1.69,1.66,1.76,1.99,2.32,2.16,1.88,2.01,2.46
CTT CORREIOS DE PORTUGAL - CURRENT RATIO,PTCTT0AM0001(WC08106),NA,1.3,1.34,1.45,1.46,1.45,1.35,1.33,1.05,0.81,0.56,0.42,0.4
EDP ENERGIAS DE PORTUGAL - CURRENT RATIO,PTEDP0AM0009(WC08106),0.59,0.76,0.94,0.94,0.93,0.87,0.94,0.72,0.86,1.13,0.79,0.95,1.06
GALP ENERGIA SGPS - CURRENT RATIO,PTGAL0AM0009(WC08106),1.01,1.13,1.07,0.94,1.67,1.98,2.29,2.02,1.92,1.75,1.79,1.6,1.93
JERONIMO MARTINS - CURRENT RATIO,PTJMT0AE0001(WC08106),0.43,0.42,0.41,0.46,0.46,0.43,0.44,0.45,0.49,0.48,0.47,0.48,0.51
MOTA ENGIL SGPS - CURRENT RATIO,PTMEN0AE0005(WC08106),1,0.93,0.96,0.94,0.94,1,1.1,0.95,1.05,1.02,0.95,0.87,0.83
PHAROL SGPS - CURRENT RATIO,PTPTC0AM0009(WC08106),0.64,1.09,3.3,1.24,1.32,1.31,7.65,6.75,3.21,3.47,2.61,1.48,1.18
NAVIGATOR COMP - CURRENT RATIO,PTPTI0AM0006(WC08106),2.34,0.64,1.36,1.42,1.43,2.63,1.54,1.63,1.38,1.38,1.31,1.36,1.12
REN REDES ENERGETICAS - CURRENT RATIO,PTREL0AM0008(WC08106),0.41,0.63,0.53,0.56,0.26,0.81,0.65,0.35,0.83,0.54,0.59,0.35,0.55
SEMAPA - CURRENT RATIO,PTSEM0AM0004(WC08106),1.83,0.65,1.42,1.45,1.23,1.82,1.06,0.91,1.18,1.4,1.09,1.01,1
SONAE SGPS - CURRENT RATIO,PTSON0AM0001(WC08106),0.65,0.63,0.67,0.65,0.61,0.76,0.59,0.67,0.67,0.68,0.71,0.74,0.79
NOS SGPS - CURRENT RATIO,PTZON0AM0006(WC08106),0.5,0.8,1.33,0.9,0.83,0.6,0.42,0.61,0.7,0.72,0.66,0.75,0.84
#ERROR,,"$$ER: 4540,NO DATA VALUES FOUND",,,,,,,,,,,,
OMV PETROM - CURRENT RATIO,ROSNPPACNOR9(WC08106),1.43,1.23,1.13,0.89,0.88,1.05,0.95,0.99,1.34,1.62,1.86,2.22,2.32
#ERROR,,"$$ER: 4540,NO DATA VALUES FOUND",,,,,,,,,,,,
BERGS TIMBER B - CURRENT RATIO,SE0000101297(WC08106),1.61,1.42,1.57,1.53,0.81,2.37,1.8,1.05,1.46,1.77,1.42,2.14,3.25
HALDEX - CURRENT RATIO,SE0000105199(WC08106),0.96,1.57,1.79,2.65,2.81,2.37,1.9,2.22,1.89,1.9,2.09,1.43,2.07
HENNES & MAURITZ B - CURRENT RATIO,SE0000106270(WC08106),2.98,3.25,2.96,2.71,2.66,2.25,1.5,1.99,1.6,1.37,1.39,1.3,1.16
SKF B - CURRENT RATIO,SE0000108227(WC08106),2.39,2.08,2.11,2.52,2.51,2.07,2.16,2.49,2.48,2.09,2.26,2.07,2.17
ERICSSON B - CURRENT RATIO,SE0000108656(WC08106),1.91,2.13,2.05,2.05,1.98,2.09,2,2.18,1.85,1.59,1.45,1.32,1.31
SAAB B - CURRENT RATIO,SE0000112385(WC08106),0.85,1.05,1.25,1.32,1.35,1.5,1.54,1.63,1.5,1.54,1.78,1.69,1.68
SVENSKA CELLULOSA - CURRENT RATIO,SE0000112724(WC08106),1.1,0.96,0.92,1.1,1,0.99,0.95,1.02,1.14,0.94,1.21,1.06,1.25
SKANSKA B - CURRENT RATIO,SE0000113250(WC08106),1.16,1.19,1.17,1.12,1.17,1.25,1.28,1.24,1.26,1.25,1.25,1.35,1.52
TRELLEBORG B - CURRENT RATIO,SE0000114837(WC08106),1.23,1.1,1.08,1.28,1.33,1.36,1.06,1.31,1.25,1.32,1.55,1.46,1.51
VOLVO B - CURRENT RATIO,SE0000115446(WC08106),1.06,1.17,1.11,1.13,1.08,1.08,1.19,1,1.08,1.12,1.21,1.37,1.38
NCC B - CURRENT RATIO,SE0000117970(WC08106),1.36,1.59,1.57,1.57,1.69,1.63,1.65,1.6,1.34,1.26,1.13,1.25,1.37
ELANDERS B - CURRENT RATIO,SE0000119299(WC08106),0.61,0.49,0.83,0.63,0.62,0.86,0.8,0.89,1.78,1.43,1.45,1.21,1.32
ELOS MEDTECH B - CURRENT RATIO,SE0000120776(WC08106),1.95,1.92,2.04,1.97,1.61,1.74,2.85,1.11,1,1.16,1.95,2.21,2.14
REJLERS B - CURRENT RATIO,SE0000123671(WC08106),1.88,2.01,1.84,1.7,1.58,1.36,1.62,1.43,1.24,1.31,1.58,1.25,1.46
#ERROR,,"$$ER: 4540,NO DATA VALUES FOUND",,,,,,,,,,,,
SECURITAS B - CURRENT RATIO,SE0000163594(WC08106),0.91,1.05,0.99,1.01,1,1.25,1.22,1.37,1.18,1.27,1.32,1.36,1.03
ELEKTA B - CURRENT RATIO,SE0000163628(WC08106),1.17,1.23,1.3,1.47,1.62,1.6,1.54,1.35,1.08,1.35,1.29,1.08,1.38
#ERROR,,"$$ER: 4540,NO DATA VALUES FOUND",,,,,,,,,,,,
SSAB A - CURRENT RATIO,SE0000171100(WC08106),2.51,2.03,2.27,2.11,2.62,1.87,1.45,1.53,1.8,1.99,1.66,1.66,1.51
#ERROR,,"$$ER: 4540,NO DATA VALUES FOUND",,,,,,,,,,,,
#ERROR,,"$$ER: 4540,NO DATA VALUES FOUND",,,,,,,,,,,,
GETINGE B - CURRENT RATIO,SE0000202624(WC08106),2.13,2.27,1.76,1.7,1.31,1.4,0.61,1.29,1.29,1.19,1.41,1.47,1.78
#ERROR,,"$$ER: 4540,NO DATA VALUES FOUND",,,,,,,,,,,,
MYCRONIC - CURRENT RATIO,SE0000375115(WC08106),3.34,3.07,3.55,3.58,4.18,5.12,3.49,3.43,1.52,1.95,1.67,2.2,2.39
#ERROR,,"$$ER: 4540,NO DATA VALUES FOUND",,,,,,,,,,,,
SEMCON - CURRENT RATIO,SE0000379497(WC08106),1.67,1.2,1.22,1.37,1.52,1.26,1.27,1.17,1.39,1.92,1.75,1.77,1.92
PROFILGRUPPEN B - CURRENT RATIO,SE0000393860(WC08106),0.93,0.99,1.16,1.07,1.22,1.09,1.29,1.26,1.32,1.37,1.27,1.16,1.13
MODERN TIMES GROUP MTG B - CURRENT RATIO,SE0000412371(WC08106),1.27,1.17,1.2,1.19,1.16,1.15,1.16,1.06,1.01,0.96,0.94,2.06,0.48
KNOWIT - CURRENT RATIO,SE0000421273(WC08106),0.92,0.98,0.96,1.05,1.01,0.89,0.9,0.87,1.02,1.09,1.31,1.29,1.29
#ERROR,,"$$ER: E100,NO WORLDSCOPE DATA FOR THIS CODE",,,,,,,,,,,,
#ERROR,,"$$ER: E100,NO WORLDSCOPE DATA FOR THIS CODE",,,,,,,,,,,,
#ERROR,,"$$ER: 4540,NO DATA VALUES FOUND",,,,,,,,,,,,
MIDSONA B - CURRENT RATIO,SE0000565228(WC08106),0.61,0.74,1.57,1.44,1.39,1.25,1.24,1.23,1.49,1.37,1.52,1.63,1.32
CLAS OHLSON B - CURRENT RATIO,SE0000584948(WC08106),2.01,1.48,1.47,1.59,1.51,1.51,1.62,1.68,1.58,1.74,1.46,1.28,0.98
DUNI - CURRENT RATIO,SE0000616716(WC08106),1.96,1.83,1.88,1.03,1.9,1.74,0.9,1.62,1.72,1.5,1.79,1.56,1.56
ICA GRUPPEN - CURRENT RATIO,SE0000652216(WC08106),6.2,2.31,1.84,1.97,2.96,0.56,0.69,0.59,0.56,0.55,0.52,0.46,0.46
STUDSVIK - CURRENT RATIO,SE0000653230(WC08106),1.18,0.87,0.85,0.92,0.92,1.25,1.27,0.74,2.36,2.14,1,0.94,1.05
SANDVIK - CURRENT RATIO,SE0000667891(WC08106),1.71,1.86,1.85,1.74,2.27,1.69,2.12,1.79,1.89,2.32,2.43,2.21,2.29
TELIA COMPANY - CURRENT RATIO,SE0000667925(WC08106),0.94,1.3,1.21,1.01,1.61,1.61,1.64,1.88,1.3,2.18,1.22,0.8,0.92
CELLAVISION - CURRENT RATIO,SE0000683484(WC08106),1.32,1.62,1.74,2.01,2.12,2.24,2.93,4.8,4.31,4.68,4.1,2.11,2.86
ALFA LAVAL - CURRENT RATIO,SE0000695876(WC08106),1.32,1.27,1.41,1.42,1.48,1.39,1.26,1.23,1.32,1.36,1.23,1.49,1.58
LUNDIN ENERGY - CURRENT RATIO,SE0000825820(WC08106),1.05,1.07,1.54,0.74,0.78,0.77,1.02,1.28,1.39,1.52,1.16,0.6,0.52
BILLERUDKORSNAS - CURRENT RATIO,SE0000862997(WC08106),1.27,1.45,1.75,1.99,1.1,1.06,1.13,1.16,1.25,1.05,1.09,1.96,1.73
SWEDISH ORPHAN BIOVITRUM - CURRENT RATIO,SE0000872095(WC08106),2.74,1.71,2.08,2.43,3.25,2.67,2.59,1.75,1.66,1.76,0.95,1.28,0.78
INTRUM - CURRENT RATIO,SE0000936478(WC08106),0.99,0.44,1.07,0.82,0.63,0.77,0.7,0.66,0.5,0.61,0.99,0.8,0.69
NOBIA - CURRENT RATIO,SE0000949331(WC08106),1.39,1.19,1.12,1.1,1.04,1.15,1.27,1.38,1.12,1.35,1.28,1.17,0.98
PROBI - CURRENT RATIO,SE0001280355(WC08106),8.9,11.69,8.84,8.11,9.01,6.42,4.72,4.44,0.93,1.38,2.18,4.4,4.77
INDUTRADE - CURRENT RATIO,SE0001515552(WC08106),1.52,1.73,1.39,1.3,1.21,1.94,1.22,1.17,1.37,1.12,1.55,1.55,1.86
#ERROR,,"$$ER: 4540,NO DATA VALUES FOUND",,,,,,,,,,,,
HUSQVARNA B - CURRENT RATIO,SE0001662230(WC08106),1.49,2.18,2.29,2.17,2.02,2.17,1.85,1.7,1.69,1.52,1.5,1.61,1.52
#ERROR,,"$$ER: 4540,NO DATA VALUES FOUND",,,,,,,,,,,,
LINDAB INTERNATIONAL - CURRENT RATIO,SE0001852419(WC08106),1.64,1.81,1.69,1.57,1.62,1.54,1.71,1.68,1.76,1.69,1.67,1.64,1.64
ARISE - CURRENT RATIO,SE0002095604(WC08106),2.92,5.54,2.98,0.92,1,0.86,1.28,1.76,0.79,1.57,0.92,3.94,2.41
MEKONOMEN - CURRENT RATIO,SE0002110064(WC08106),1.92,1.77,1.58,1.66,1.68,1.66,1.3,1.5,1.49,1.6,1.39,1.4,1.41
HEXATRONIC GROUP - CURRENT RATIO,SE0002367797(WC08106),6.11,3.33,4.25,3.29,4.76,3.51,2.43,1.98,1.92,2.2,1.8,1.68,1.58
TOBII AB - CURRENT RATIO,SE0002591420(WC08106),NA,NA,NA,NA,2.85,1.61,1.34,2.78,4.27,3.12,1.42,1.65,1.67
CLOETTA 'B' - CURRENT RATIO,SE0002626861(WC08106),3.6,2.6,2.87,2.9,0.92,1.4,1.29,1.18,1.55,0.96,1.11,0.75,0.58
SAS - CURRENT RATIO,SE0003366871(WC08106),0.98,0.71,0.83,0.72,0.52,0.61,0.79,0.86,0.78,0.81,0.88,0.78,0.66
BULTEN - CURRENT RATIO,SE0003849223(WC08106),1.25,1.07,1.76,1.93,2.09,1.75,2.56,2.01,2.05,2.12,2.28,2.26,1.75
#ERROR,,"$$ER: 4540,NO DATA VALUES FOUND",,,,,,,,,,,,
TELE2 B - CURRENT RATIO,SE0005190238(WC08106),0.8,0.93,0.86,0.87,0.76,0.85,0.73,0.67,0.78,1.1,0.53,0.6,0.66
BUFAB - CURRENT RATIO,SE0005677135(WC08106),NA,1.82,1.73,1.78,1.93,2.1,2.97,2.75,2.78,2.89,3,2.85,2.64
SCANDI STANDARD - CURRENT RATIO,SE0005999760(WC08106),NA,NA,NA,NA,NA,1.36,1.62,1.5,1.31,1.44,1.31,1.12,1.14
AFRY - CURRENT RATIO,SE0005999836(WC08106),1.22,1.16,1.38,1.51,1.23,1.15,1.15,1.21,1.39,1.06,1.19,1.11,1.05
GRANGES - CURRENT RATIO,SE0006288015(WC08106),NA,NA,NA,1.88,2.23,2.54,2.1,2.85,2.16,1.96,1.8,1.62,1.3
THULE GROUP - CURRENT RATIO,SE0006422390(WC08106),NA,NA,NA,1.59,1.54,1.5,1.35,1.79,1.97,1.77,1.82,1.94,1.73
DUSTIN GROUP - CURRENT RATIO,SE0006625471(WC08106),NA,NA,NA,NA,0.89,0.73,0.93,1.1,1.19,1.11,1,0.99,1.07
SDIPTECH PF.SHS. - CURRENT RATIO,SE0006758348(WC08106),NA,NA,NA,NA,NA,NA,1.5,2.35,1.3,1.86,1.32,1.67,1.93
#ERROR,,"$$ER: 4540,NO DATA VALUES FOUND",,,,,,,,,,,,
AXFOOD - CURRENT RATIO,SE0006993770(WC08106),0.89,0.92,0.91,0.91,0.94,1,1.11,1.2,1.15,1.02,1.01,0.72,0.78
#ERROR,,"$$ER: 4540,NO DATA VALUES FOUND",,,,,,,,,,,,
HEXPOL B - CURRENT RATIO,SE0007074281(WC08106),1.63,1.53,0.93,1.89,0.75,1.72,1.4,1.75,1.84,1.53,1.9,1.25,1.63
#ERROR,,"$$ER: E100,NO WORLDSCOPE DATA FOR THIS CODE",,,,,,,,,,,,
#ERROR,,"$$ER: E100,NO WORLDSCOPE DATA FOR THIS CODE",,,,,,,,,,,,
#ERROR,,"$$ER: 4540,NO DATA VALUES FOUND",,,,,,,,,,,,
ASSA ABLOY B - CURRENT RATIO,SE0007100581(WC08106),0.98,1.44,1.19,0.87,1,1.05,1.12,1.14,1.18,1.07,1.04,1.14,1.21
#ERROR,,"$$ER: 4540,NO DATA VALUES FOUND",,,,,,,,,,,,
ALIMAK GROUP - CURRENT RATIO,SE0007158910(WC08106),NA,NA,NA,NA,1.67,1.92,1.86,2.9,2.36,2.49,2.17,2.29,2.28
NOBINA - CURRENT RATIO,SE0007185418(WC08106),NA,NA,NA,NA,NA,0.54,0.58,0.62,0.66,0.71,0.67,0.79,0.54
STORYTEL B - CURRENT RATIO,SE0007439443(WC08106),0.22,0.51,2.38,6.28,NA,2.05,1.24,1.06,1.32,1.48,2.14,1.26,1.64
SCANDIC HOTELS GROUP - CURRENT RATIO,SE0007640156(WC08106),NA,0.89,0.9,0.91,1.05,1.18,0.78,0.59,0.95,0.52,0.37,0.23,0.17
ATTENDO - CURRENT RATIO,SE0007666110(WC08106),NA,NA,1.17,0.39,1.05,1.38,1.37,1.44,1.18,1.39,1.21,0.83,0.76
DOMETIC GROUP - CURRENT RATIO,SE0007691613(WC08106),NA,NA,NA,NA,NA,NA,1.86,1.62,2.17,1.72,2.24,2.83,2.42
KINDRED GROUP SDR - CURRENT RATIO,SE0007871645(WC08106),1.09,0.69,0.8,0.84,0.81,1.01,1.06,0.65,0.69,0.81,0.83,0.82,1.08
ACADEMEDIA - CURRENT RATIO,SE0007897079(WC08106),NA,NA,NA,0.76,0.77,0.79,0.66,0.64,0.53,0.61,0.56,0.57,0.38
HUMANA - CURRENT RATIO,SE0008040653(WC08106),NA,NA,NA,0.65,0.73,0.84,0.82,0.92,0.83,0.87,0.85,0.84,0.81
BONAVA B - CURRENT RATIO,SE0008091581(WC08106),NA,NA,NA,NA,1.17,1.11,1.12,1.87,2.03,2.23,1.8,1.67,2.03
FINGERPRINT CARDS B - CURRENT RATIO,SE0008374250(WC08106),4.42,7.51,7.21,8.93,6.41,6.45,2.72,2.41,2.98,2.86,2.36,2.69,2.04
SAMHALLSBYGGNADSBOL AGET - CURRENT RATIO,SE0009554454(WC08106),NA,NA,NA,3,2.4,3.37,4.24,13.96,16.31,NA,NA,NA,NA
AMBEA - CURRENT RATIO,SE0009663826(WC08106),NA,NA,NA,NA,NA,NA,1.14,0.5,1.19,0.45,0.42,0.35,0.37
MEDICOVER B - CURRENT RATIO,SE0009778848(WC08106),NA,NA,NA,NA,NA,NA,0.48,1.66,1.43,1.68,1.85,0.77,1.27
BOOZT - CURRENT RATIO,SE0009888738(WC08106),NA,NA,NA,NA,NA,NA,NA,1.7,1.77,2.2,1.73,1.61,2.07
BILIA A - CURRENT RATIO,SE0009921588(WC08106),0.96,1.05,1.28,1.28,1.14,1.19,1.25,0.97,1.09,1.04,1.05,0.99,1.16
ESSITY A - CURRENT RATIO,SE0009922156(WC08106),NA,NA,NA,NA,NA,NA,1.14,1.24,1.1,1.09,1.01,0.97,1.05
HMS NETWORKS - CURRENT RATIO,SE0009997018(WC08106),2.01,1.66,1.92,1.63,2.13,1.15,1.1,1.18,1.34,1.51,1.57,1.69,1.74
FAGERHULT - CURRENT RATIO,SE0010048884(WC08106),2.01,2.08,1.84,2.33,2.07,2.17,2.18,2.37,2.27,2.68,1.88,2.27,2.36
LATOUR INVESTMENT B - CURRENT RATIO,SE0010100958(WC08106),1.09,1.16,1.53,1.33,0.97,0.93,0.71,1,1.15,0.66,1.15,1.56,1.91
BALCO GROUP - CURRENT RATIO,SE0010323998(WC08106),NA,NA,NA,NA,NA,0.86,0.76,0.83,0.9,1.2,1.36,1.59,1.59
ARJO B - CURRENT RATIO,SE0010468116(WC08106),NA,NA,NA,NA,NA,NA,1.95,1.88,2.69,2.34,1.02,0.8,0.79
#ERROR,,"$$ER: 4540,NO DATA VALUES FOUND",,,,,,,,,,,,
BHG GROUP - CURRENT RATIO,SE0010948588(WC08106),NA,NA,NA,NA,NA,NA,NA,NA,0.68,1.11,1.2,1.12,0.88
GREEN LANDSCAPING GROUP - CURRENT RATIO,SE0010985028(WC08106),NA,NA,NA,NA,NA,0.87,0.77,0.74,0.76,0.79,1.14,0.94,0.9
HOLMEN B - CURRENT RATIO,SE0011090018(WC08106),0.84,1.1,1.15,1.02,0.78,0.92,0.94,0.97,0.98,1.02,1.18,1.12,1.51
BEIJER ALMA B - CURRENT RATIO,SE0011090547(WC08106),2.06,2.57,2.64,2.34,2.34,2.14,2.05,2.02,1.76,1.54,1.68,1.7,1.82
#ERROR,,"$$ER: E100,NO WORLDSCOPE DATA FOR THIS CODE",,,,,,,,,,,,
#ERROR,,"$$ER: 4540,NO DATA VALUES FOUND",,,,,,,,,,,,
NEDERMAN HOLDING - CURRENT RATIO,SE0011204510(WC08106),1.87,1.94,1.58,1.72,1.64,1.66,1.72,1.8,1.8,1.95,1.6,1.52,1.68
#ERROR,,"$$ER: E100,NO WORLDSCOPE DATA FOR THIS CODE",,,,,,,,,,,,
VITROLIFE - CURRENT RATIO,SE0011205202(WC08106),2.24,2.62,1.85,2.5,1.78,1.88,1.93,3.15,2.99,5.26,5.59,5.68,7.99
ENIRO GROUP - CURRENT RATIO,SE0011256312(WC08106),0.66,0.71,0.67,0.63,0.52,0.46,0.38,0.48,0.17,0.42,0.58,0.66,0.71
PROJEKTENGAGEMANG SWEDEN - CURRENT RATIO,SE0011337666(WC08106),NA,NA,NA,NA,NA,NA,1.07,1.25,1.12,1.08,1.62,1.02,0.99
AAK - CURRENT RATIO,SE0011337708(WC08106),2.03,2.69,2.22,2.38,2.13,1.95,1.97,1.77,1.69,1.65,1.96,1.78,1.54
#ERROR,,"$$ER: 4540,NO DATA VALUES FOUND",,,,,,,,,,,,
VIAPLAY GROUP B - CURRENT RATIO,SE0012116390(WC08106),NA,NA,NA,NA,NA,NA,NA,NA,0.91,0.98,0.76,0.99,1.35
SKISTAR B - CURRENT RATIO,SE0012141687(WC08106),0.95,0.84,0.94,0.67,0.3,0.29,0.34,0.14,0.35,0.37,0.66,0.87,0.53
#ERROR,,"$$ER: 4540,NO DATA VALUES FOUND",,,,,,,,,,,,
#ERROR,,"$$ER: 4540,NO DATA VALUES FOUND",,,,,,,,,,,,
XANO INDUSTRI B - CURRENT RATIO,SE0012674232(WC08106),0.94,0.91,1.22,1.12,0.94,1.17,1.29,1.14,1.02,1.29,1.2,1.39,1.8
#ERROR,,"$$ER: 4540,NO DATA VALUES FOUND",,,,,,,,,,,,
ELECTROLUX PROFESSIONAL - CURRENT RATIO,SE0013747870(WC08106),NA,NA,NA,NA,NA,NA,NA,NA,NA,1.35,1.34,0.92,1.07
LOOMIS - CURRENT RATIO,SE0014504817(WC08106),0.49,0.74,0.63,1.05,1.13,0.86,1.01,1.37,1.03,1.4,1.18,1.27,1.24
NORDIC WATERPROOFING - CURRENT RATIO,SE0014731089(WC08106),NA,NA,NA,NA,NA,NA,NA,NA,NA,2.41,1.65,2.21,2.63
ADDTECH B - CURRENT RATIO,SE0014781795(WC08106),1.35,1.43,1.63,1.36,1.19,1.11,1.17,1.19,1.17,1.09,1.17,1.19,1.6
SWECO B - CURRENT RATIO,SE0014960373(WC08106),1.31,1.46,1.39,1.28,1.29,1.21,1.2,1.13,1.08,1.27,1.26,1.06,1.31
#ERROR,,"$$ER: 4540,NO DATA VALUES FOUND",,,,,,,,,,,,
FASADGRUPPEN GROUP - CURRENT RATIO,SE0015195771(WC08106),NA,NA,NA,NA,NA,NA,NA,NA,NA,NA,NA,0.47,1.49
SCANDINAVIAN BIOGAS - CURRENT RATIO,SE0015242896(WC08106),NA,NA,NA,NA,NA,NA,NA,0.38,0.87,NA,1.01,0.56,2.13
STILLFRONT GROUP - CURRENT RATIO,SE0015346135(WC08106),NA,NA,NA,1.08,2.21,2.48,1.35,6.51,2.42,1.93,1.05,1.13,1.07
EPIROC A - CURRENT RATIO,SE0015658109(WC08106),NA,NA,NA,NA,NA,NA,NA,2.22,2.24,1.53,2.34,3.07,3.64
#ERROR,,"$$ER: E100,NO WORLDSCOPE DATA FOR THIS CODE",,,,,,,,,,,,
KINNEVIK B - CURRENT RATIO,SE0015810247(WC08106),1.36,1.5,1.79,0.9,0.45,5.52,4.08,19.64,NA,NA,NA,NA,NA
#ERROR,,"$$ER: E100,NO WORLDSCOPE DATA FOR THIS CODE",,,,,,,,,,,,
#ERROR,,"$$ER: E100,NO WORLDSCOPE DATA FOR THIS CODE",,,,,,,,,,,,
#ERROR,,"$$ER: 4540,NO DATA VALUES FOUND",,,,,,,,,,,,
SWEDISH MATCH - CURRENT RATIO,SE0015812219(WC08106),2.03,1.76,1.77,1.18,1.37,1.65,1.23,1.28,1.29,1.62,1.51,1.26,1.28
GARO - CURRENT RATIO,SE0015812417(WC08106),NA,NA,NA,NA,NA,1.99,1.76,1.79,1.89,1.59,1.74,1.77,2.01
LIFCO B - CURRENT RATIO,SE0015949201(WC08106),NA,1.22,0.88,1.44,0.66,0.7,1.75,0.97,0.75,0.7,0.99,0.79,0.97
TETHYS OIL - CURRENT RATIO,SE0015949847(WC08106),13.41,0.8,52.77,12.59,2.73,8.96,4.1,1.95,1.43,7.75,6.13,6.81,6.6
HEXAGON B - CURRENT RATIO,SE0015961909(WC08106),2.02,2.35,1.48,1.11,1.41,0.9,1.13,1.58,1.44,1.24,1.13,1.18,0.99
NIBE INDUSTRIER - CURRENT RATIO,SE0015988019(WC08106),2.54,2.31,1.99,2.04,2.17,2.75,2.77,2.37,1.54,1.84,2.03,1.8,1.42
KRKA - CURRENT RATIO,SI0031102120(WC08106),1.99,2.92,2.76,2.82,2.91,2.63,2.47,2.81,2.48,2.86,3.03,3.21,4
CRITEO ADR 1:1 - CURRENT RATIO,US2267181046(WC08106),NA,NA,NA,NA,NA,2.9,2.18,1.86,1.43,1.6,1.54,1.64,1.77
MATERIALISE ADR 1:1 - CURRENT RATIO,US57667T1007(WC08106),NA,NA,NA,NA,1.2,1.3,2.61,2.09,2,1.55,2.32,2.27,1.9
MISSION PRODUCE - CURRENT RATIO,US60510V1089(WC08106),NA,NA,NA,NA,NA,NA,NA,NA,NA,NA,2.3,2.59,3.18
ROS AGRO GDR - CURRENT RATIO,US7496552057(WC08106),1.71,2.03,1.74,1.84,1.67,1.72,2.52,2.07,2.98,3.08,1.57,1.68,1.63
TERNIUM SPN.ADR 1:10 - CURRENT RATIO,US8808901081(WC08106),2.98,4.34,3.55,2.82,1.71,1.73,1.59,1.51,1.47,1.55,2.42,2.36,2.46
VEON ADR 1:1 - CURRENT RATIO,US91822M1062(WC08106),NA,0.88,0.72,0.7,0.8,0.75,0.91,0.97,0.69,0.84,0.7,0.43,0.65
